--
-- PostgreSQL database cluster dump
--

SET default_transaction_read_only = off;

SET client_encoding = 'UTF8';
SET standard_conforming_strings = on;

--
-- Drop databases (except postgres and template1)
--

DROP DATABASE "fedeganDB";




--
-- Drop roles
--

DROP ROLE root;


--
-- Roles
--

CREATE ROLE root;
ALTER ROLE root WITH SUPERUSER INHERIT CREATEROLE CREATEDB LOGIN REPLICATION BYPASSRLS PASSWORD 'SCRAM-SHA-256$4096:32sl/al8zl69cO9yRFMQdQ==$EplXyjCeDZ3PcJzRyUhbOwz/Jv1VJvtX+WC9O85bwlI=:jBtzw86ENSSnv5OgGeJpLBw/sC5AL3FdKJdSdRWeTi8=';

--
-- User Configurations
--








--
-- Databases
--

--
-- Database "template1" dump
--

--
-- PostgreSQL database dump
--

-- Dumped from database version 15.2
-- Dumped by pg_dump version 15.2

SET statement_timeout = 0;
SET lock_timeout = 0;
SET idle_in_transaction_session_timeout = 0;
SET client_encoding = 'UTF8';
SET standard_conforming_strings = on;
SELECT pg_catalog.set_config('search_path', '', false);
SET check_function_bodies = false;
SET xmloption = content;
SET client_min_messages = warning;
SET row_security = off;

UPDATE pg_catalog.pg_database SET datistemplate = false WHERE datname = 'template1';
DROP DATABASE template1;
--
-- Name: template1; Type: DATABASE; Schema: -; Owner: root
--

CREATE DATABASE template1 WITH TEMPLATE = template0 ENCODING = 'UTF8' LOCALE_PROVIDER = libc LOCALE = 'en_US.utf8';


ALTER DATABASE template1 OWNER TO root;

\connect template1

SET statement_timeout = 0;
SET lock_timeout = 0;
SET idle_in_transaction_session_timeout = 0;
SET client_encoding = 'UTF8';
SET standard_conforming_strings = on;
SELECT pg_catalog.set_config('search_path', '', false);
SET check_function_bodies = false;
SET xmloption = content;
SET client_min_messages = warning;
SET row_security = off;

--
-- Name: DATABASE template1; Type: COMMENT; Schema: -; Owner: root
--

COMMENT ON DATABASE template1 IS 'default template for new databases';


--
-- Name: template1; Type: DATABASE PROPERTIES; Schema: -; Owner: root
--

ALTER DATABASE template1 IS_TEMPLATE = true;


\connect template1

SET statement_timeout = 0;
SET lock_timeout = 0;
SET idle_in_transaction_session_timeout = 0;
SET client_encoding = 'UTF8';
SET standard_conforming_strings = on;
SELECT pg_catalog.set_config('search_path', '', false);
SET check_function_bodies = false;
SET xmloption = content;
SET client_min_messages = warning;
SET row_security = off;

--
-- Name: DATABASE template1; Type: ACL; Schema: -; Owner: root
--

REVOKE CONNECT,TEMPORARY ON DATABASE template1 FROM PUBLIC;
GRANT CONNECT ON DATABASE template1 TO PUBLIC;


--
-- PostgreSQL database dump complete
--

--
-- Database "fedeganDB" dump
--

--
-- PostgreSQL database dump
--

-- Dumped from database version 15.2
-- Dumped by pg_dump version 15.2

SET statement_timeout = 0;
SET lock_timeout = 0;
SET idle_in_transaction_session_timeout = 0;
SET client_encoding = 'UTF8';
SET standard_conforming_strings = on;
SELECT pg_catalog.set_config('search_path', '', false);
SET check_function_bodies = false;
SET xmloption = content;
SET client_min_messages = warning;
SET row_security = off;

--
-- Name: fedeganDB; Type: DATABASE; Schema: -; Owner: root
--

CREATE DATABASE "fedeganDB" WITH TEMPLATE = template0 ENCODING = 'UTF8' LOCALE_PROVIDER = libc LOCALE = 'en_US.utf8';


ALTER DATABASE "fedeganDB" OWNER TO root;

\connect "fedeganDB"

SET statement_timeout = 0;
SET lock_timeout = 0;
SET idle_in_transaction_session_timeout = 0;
SET client_encoding = 'UTF8';
SET standard_conforming_strings = on;
SELECT pg_catalog.set_config('search_path', '', false);
SET check_function_bodies = false;
SET xmloption = content;
SET client_min_messages = warning;
SET row_security = off;

SET default_tablespace = '';

SET default_table_access_method = heap;

--
-- Name: consumosanualcarne023; Type: TABLE; Schema: public; Owner: root
--

CREATE TABLE public.consumosanualcarne023 (
    anio integer,
    consumo_proteina_animal double precision,
    carne_res_kgxhab double precision,
    carne_pollo_kgxhab double precision,
    carne_cerdo_kgxhab double precision,
    leche_ltxhab double precision,
    pescado_kgxhab double precision
);


ALTER TABLE public.consumosanualcarne023 OWNER TO root;

--
-- Name: consumosanualesleche023; Type: TABLE; Schema: public; Owner: root
--

CREATE TABLE public.consumosanualesleche023 (
    anio integer,
    leche_ltxhab double precision
);


ALTER TABLE public.consumosanualesleche023 OWNER TO root;

--
-- Name: costosproduccion020; Type: TABLE; Schema: public; Owner: root
--

CREATE TABLE public.costosproduccion020 (
    indice integer,
    anio integer,
    valor double precision
);


ALTER TABLE public.costosproduccion020 OWNER TO root;

--
-- Name: ganadogordoenpie053; Type: TABLE; Schema: public; Owner: root
--

CREATE TABLE public.ganadogordoenpie053 (
    fecha date,
    precio_x_kilo integer
);


ALTER TABLE public.ganadogordoenpie053 OWNER TO root;

--
-- Name: hembrasensacificio052; Type: TABLE; Schema: public; Owner: root
--

CREATE TABLE public.hembrasensacificio052 (
    fecha date,
    porcentaje_de_hembras double precision
);


ALTER TABLE public.hembrasensacificio052 OWNER TO root;

--
-- Name: hembrasflacaenpie065; Type: TABLE; Schema: public; Owner: root
--

CREATE TABLE public.hembrasflacaenpie065 (
    fecha date,
    precio_region_caribe integer,
    precio_magdalena_medio_santanderes integer,
    precio_llanos_orientales integer
);


ALTER TABLE public.hembrasflacaenpie065 OWNER TO root;

--
-- Name: litrolechepagado046; Type: TABLE; Schema: public; Owner: root
--

CREATE TABLE public.litrolechepagado046 (
    bonificacion integer,
    fecha date,
    precio_por_litro_nacional double precision
);


ALTER TABLE public.litrolechepagado046 OWNER TO root;

--
-- Name: machocebagordopie071; Type: TABLE; Schema: public; Owner: root
--

CREATE TABLE public.machocebagordopie071 (
    fecha date,
    precio_region_caribe integer,
    precio_magdalena_medio integer,
    precio_llanos_orientales integer
);


ALTER TABLE public.machocebagordopie071 OWNER TO root;

--
-- Name: parametros; Type: TABLE; Schema: public; Owner: root
--

CREATE TABLE public.parametros (
    idparametro integer NOT NULL,
    nombreparametro character varying(150),
    valor integer,
    idpadre integer,
    descripcion character varying(500)
);


ALTER TABLE public.parametros OWNER TO root;

--
-- Name: preciolechecrudausdxl018; Type: TABLE; Schema: public; Owner: root
--

CREATE TABLE public.preciolechecrudausdxl018 (
    fecha date,
    argentina double precision,
    brasil double precision,
    chile double precision,
    colombia double precision,
    estados_unidos double precision,
    union_europea double precision,
    uruguay double precision,
    mexico double precision,
    nueva_zelanda double precision,
    china double precision
);


ALTER TABLE public.preciolechecrudausdxl018 OWNER TO root;

--
-- Name: preciousdnovillogordopie014; Type: TABLE; Schema: public; Owner: root
--

CREATE TABLE public.preciousdnovillogordopie014 (
    pais character varying(50),
    fecha date,
    precio double precision
);


ALTER TABLE public.preciousdnovillogordopie014 OWNER TO root;

--
-- Name: produccionacopioleche050; Type: TABLE; Schema: public; Owner: root
--

CREATE TABLE public.produccionacopioleche050 (
    anio integer,
    produccion_millonesxlts double precision,
    acopio_millonesxlts double precision
);


ALTER TABLE public.produccionacopioleche050 OWNER TO root;

--
-- Name: produccioneslechesacrificio006; Type: TABLE; Schema: public; Owner: root
--

CREATE TABLE public.produccioneslechesacrificio006 (
    anio integer,
    sacrificio_bovino_milesxcab integer,
    produccion_carne_ton integer,
    tasa_extraccion_porcentage double precision,
    produccion_leche_cruda_millonesxlts integer,
    acopio_industrial_millonesxlts integer
);


ALTER TABLE public.produccioneslechesacrificio006 OWNER TO root;

--
-- Name: producionescarne048; Type: TABLE; Schema: public; Owner: root
--

CREATE TABLE public.producionescarne048 (
    anio integer,
    toneladas_eq_canal integer
);


ALTER TABLE public.producionescarne048 OWNER TO root;

--
-- Name: sacrificiomensualbovino051; Type: TABLE; Schema: public; Owner: root
--

CREATE TABLE public.sacrificiomensualbovino051 (
    fecha date,
    sacrificio integer
);


ALTER TABLE public.sacrificiomensualbovino051 OWNER TO root;

--
-- Data for Name: consumosanualcarne023; Type: TABLE DATA; Schema: public; Owner: root
--

COPY public.consumosanualcarne023 (anio, consumo_proteina_animal, carne_res_kgxhab, carne_pollo_kgxhab, carne_cerdo_kgxhab, leche_ltxhab, pescado_kgxhab) FROM stdin;
2006	45.49	18.88	20.1	3.71	139.813	2.81
2007	47.74	17.81	21.6	4.35	143.017	4.03
2008	49.15	17.38	23.3	4.3	146.999	4.17
2009	48.06	17.67	22.7	4.22	143.72	3.49
2010	51.62	18.94	23.4	4.77	139	4.48
2011	53.53	20.01	23.8	5.52	139.662	4.52
2012	55.9	20.76	23.7	6.01	144	5.4
2013	59.65	19.7	27.1	6.67	140	6.1
2014	62.3	19.3	29.5	7.18	143	6.1
2015	63.7	19.1	30.4	7.8	140	6.4
2016	65.5	18.6	31.5	8.7	140	6.8
2017	83.7	18.1	32.8	9.4	145	7.1
2018	\N	18.2	33.8	10	\N	8.4
2019	\N	18.6	35.6	11.1	158	8.7
2020	\N	17.1	33.7	10.8	156	7.7
2021	\N	17.3	35	12.2	\N	8.8
\.


--
-- Data for Name: consumosanualesleche023; Type: TABLE DATA; Schema: public; Owner: root
--

COPY public.consumosanualesleche023 (anio, leche_ltxhab) FROM stdin;
1991	119.478
1992	119.886
1993	123.563
1994	126.312
1995	132.847
1996	133.306
1997	135.935
1998	135.967
1999	130.534
2000	131.975
2001	135.695
2002	137.685
2003	135.044
2004	135.069
2005	137.641
2006	139.813
2007	143.017
2008	146.999
2009	143.72
2010	139
2011	139.662
2012	144
2013	140
2014	143
2015	143
2016	140
2017	145
2018	148
2019	158
2020	156
2021	162
\.


--
-- Data for Name: costosproduccion020; Type: TABLE DATA; Schema: public; Owner: root
--

COPY public.costosproduccion020 (indice, anio, valor) FROM stdin;
1	1995	100
2	1995	100
3	1995	100
4	1995	100
5	1995	100
6	1995	100
7	1995	100
8	1995	100
9	1995	100
1	1996	118.8
2	1996	118.5
3	1996	118.4
4	1996	118.7
5	1996	115.58
6	1996	87.23
7	1996	87.23
8	1996	121.63
9	1996	118.3
1	1997	138.5
2	1997	140.7
3	1997	138.5
4	1997	140.4
5	1997	128.07
6	1997	78.48
7	1997	87.51
8	1997	143.13
9	1997	137.7
1	1998	160.5
2	1998	163.9
3	1998	164.6
4	1998	164.3
5	1998	148.54
6	1998	83.51
7	1998	112.61
8	1998	167.04
9	1998	159.32
1	1999	185.4
2	1999	190.3
3	1999	192.9
4	1999	189.9
5	1999	151.65
6	1999	133.95
7	1999	122.66
8	1999	182.46
9	1999	171.27
1	2000	207.7
2	2000	209.1
3	2000	210.8
4	2000	209.9
5	2000	164.94
6	2000	144.66
7	2000	105.4
8	2000	198.42
9	2000	183.94
1	2001	226.2
2	2001	227.3
3	2001	228.5
4	2001	229.6
5	2001	188.08
6	2001	182.57
7	2001	154.42
8	2001	213.6
9	2001	203.26
1	2002	245.4
2	2002	248.2
3	2002	251.1
4	2002	250.9
5	2002	191.1
6	2002	194.35
7	2002	191.37
8	2002	228.53
9	2002	225.41
1	2003	278.3
2	2003	272.8
3	2003	2564
4	2003	273
5	2003	192.8
6	2003	197.16
7	2003	172.31
8	2003	243.36
9	2003	237.36
1	2004	297.8
2	2004	297
3	2004	275.4
4	2004	296
5	2004	211.19
6	2004	211.69
7	2004	147.83
8	2004	256.75
9	2004	250.41
1	2005	30.2
2	2005	316.9
3	2005	282
4	2005	314.3
5	2005	227.99
6	2005	220.05
7	2005	156.83
8	2005	269.2
9	2005	266.69
1	2006	328.8
2	2006	339.8
3	2006	312.7
4	2006	333.8
5	2006	231.72
6	2006	228.72
7	2006	169.16
8	2006	282.25
9	2006	284.03
1	2007	357.4
2	2007	360.1
3	2007	349.2
4	2007	357.1
5	2007	265.06
6	2007	268.2
7	2007	193.7
8	2007	298.36
9	2007	308.16
1	2008	393.1
2	2008	386.7
3	2008	365.6
4	2008	382.1
5	2008	270.1
6	2008	269.27
7	2008	189.3
8	2008	321.24
9	2008	348.74
1	2009	398.6
2	2009	402.2
3	2009	347
4	2009	405
5	2009	264.8
6	2009	213.2
7	2009	165.9
8	2009	327.7
9	2009	347.6
1	2010	408.6
2	2010	417.1
3	2010	362.9
4	2010	416
5	2010	265.8
6	2010	235.8
7	2010	170.7
8	2010	338.1
9	2010	361.8
1	2011	424.1
2	2011	438.8
3	2011	369.8
4	2011	433
5	2011	297.1
6	2011	236.6
7	2011	159.3
8	2011	350.7
9	2011	380.9
1	2012	442.38
2	2012	469.5
3	2012	395.71
4	2012	462.46
5	2012	309.44
6	2012	263.56
7	2012	170.53
8	2012	357.71
9	2012	390.55
1	2013	462.724
2	2013	493.448
3	2013	413.517
4	2013	478.181
5	2013	295.772
6	2013	280.652
7	2013	178.042
8	2013	364.654
9	2013	393.912
1	2014	482.622
2	2014	516.147
3	2014	447.839
4	2014	500.656
5	2014	303.441
6	2014	282.793
7	2014	203.928
8	2014	378
9	2014	412.386
1	2015	505.305
2	2015	548.148
3	2015	507.401
4	2015	536.202
5	2015	307.443
6	2015	295.347
7	2015	243.898
8	2015	403.591
9	2015	457.13
1	2016	534.6
2	2016	584.3
3	2016	547.5
4	2016	574.3
5	2016	342.5
6	2016	348.1
7	2016	291.7
8	2016	426.8
9	2016	490.1
1	2017	568.3
2	2017	618.8
3	2017	598.4
4	2017	619.1
5	2017	353.1
6	2017	370.1
7	2017	307.2
8	2017	444.3
9	2017	499.5
1	2018	588.8
2	2018	636.7
3	2018	614
4	2018	644.4
5	2018	355.8
6	2018	367.3
7	2018	313.7
8	2018	458.4
9	2018	511.7
1	2019	619.4
2	2019	664.8
3	2019	629.9
4	2019	665.1
5	2019	382.5
6	2019	352.3
7	2019	297.9
8	2019	475.8
9	2019	541.4
1	2020	655.3
2	2020	695.3
3	2020	646
4	2020	707.1
5	2020	410.8
6	2020	407.5
7	2020	355.7
8	2020	483.5
9	2020	567.3
1	2021	865.6
2	2021	778.1
3	2021	783.6
4	2021	801.2
5	2021	501.8
6	2021	544.1
7	2021	445.4
8	2021	510.6
9	2021	665.1
\.


--
-- Data for Name: ganadogordoenpie053; Type: TABLE DATA; Schema: public; Owner: root
--

COPY public.ganadogordoenpie053 (fecha, precio_x_kilo) FROM stdin;
2017-01-01	4215
2017-02-01	4460
2017-03-01	4680
2017-04-01	4687
2017-05-01	4720
2017-06-01	4657
2017-07-01	4645
2017-08-01	4517
2017-09-01	4701
2017-10-01	4641
2017-11-01	4721
2017-12-01	4540
2018-01-01	4705
2018-02-01	4781
2018-03-01	4789
2018-04-01	4716
2018-05-01	4851
2018-06-01	4567
2018-07-01	4518
2018-08-01	4445
2018-09-01	4364
2018-10-01	4231
2018-11-01	4284
2018-12-01	4243
2019-01-01	4229
2019-02-01	4195
2019-03-01	4353
2019-04-01	4498
2019-05-01	4567
2019-06-01	4567
2019-07-01	4732
2019-08-01	4334
2019-09-01	4416
2019-10-01	4283
2019-11-01	4258
2019-12-01	4271
2020-01-01	4253
2020-02-01	4283
2020-03-01	4415
2020-04-01	4698
2020-05-01	4618
2020-06-01	4743
2020-07-01	4732
2020-08-01	4811
2020-09-01	4861
2020-10-01	4864
2020-11-01	4903
2020-12-01	4874
2021-01-01	5030
2021-02-01	5161
2021-03-01	5535
2021-04-01	6169
2021-05-01	6577
2021-06-01	6653
2021-07-01	6561
2021-08-01	6664
2021-09-01	6715
2021-10-01	6799
2021-11-01	6767
2021-12-01	6841
2022-01-01	7059
2022-02-01	7349
2022-03-01	7723
2022-04-01	8321
2022-05-01	8748
2022-06-01	8608
2022-07-01	8027
2022-08-01	7520
2022-09-01	7608
2022-10-01	7841
2022-11-01	7738
2022-12-01	7656
2023-01-01	7917
\.


--
-- Data for Name: hembrasensacificio052; Type: TABLE DATA; Schema: public; Owner: root
--

COPY public.hembrasensacificio052 (fecha, porcentaje_de_hembras) FROM stdin;
2017-01-01	37.3
2017-02-01	37
2017-03-01	37.5
2017-04-01	37.8
2017-05-01	37.3
2017-06-01	38.3
2017-07-01	37.2
2017-08-01	38.7
2017-09-01	38.4
2017-10-01	38.1
2017-11-01	37.1
2017-12-01	36.2
2018-01-01	36.3
2018-02-01	37.1
2018-03-01	39.6
2018-04-01	39.8
2018-05-01	40.2
2018-06-01	40.7
2018-07-01	40.4
2018-08-01	40.7
2018-09-01	39
2018-10-01	39.3
2018-11-01	37.6
2018-12-01	36.5
2019-01-01	36.2
2019-02-01	37
2019-03-01	39
2019-04-01	40.8
2019-05-01	40.8
2019-06-01	41.7
2019-07-01	41
2019-08-01	41
2019-09-01	40.3
2019-10-01	40.2
2019-11-01	39.1
2019-12-01	37.3
2020-01-01	38
2020-02-01	39.3
2020-03-01	38.5
2020-04-01	37.5
2020-05-01	37.2
2020-06-01	38.3
2020-07-01	38.3
2020-08-01	37.1
2020-09-01	36.4
2020-10-01	36
2020-11-01	34.3
2020-12-01	34
2021-01-01	33.6
2021-02-01	34.6
2021-03-01	35.4
2021-04-01	35.9
2021-05-01	37.4
2021-06-01	35
2021-07-01	35.8
2021-08-01	36.3
2021-09-01	36.4
2021-10-01	38.8
2021-11-01	37.9
2021-12-01	37.1
2022-01-01	37.7
2022-02-01	40.4
2022-03-01	41.5
2022-04-01	42.9
2022-05-01	42.1
2022-06-01	41.5
2022-07-01	39.8
2022-08-01	38.8
2022-09-01	41.3
2022-10-01	44.2
2022-11-01	43.6
\.


--
-- Data for Name: hembrasflacaenpie065; Type: TABLE DATA; Schema: public; Owner: root
--

COPY public.hembrasflacaenpie065 (fecha, precio_region_caribe, precio_magdalena_medio_santanderes, precio_llanos_orientales) FROM stdin;
2017-06-01	3590	3200	3200
2017-07-01	4009	4325	4150
2017-08-01	3867	4100	3550
2017-09-01	3800	4355	3721
2017-10-01	3417	4287	3733
2017-11-01	3785	4250	3659
2017-12-01	3677	3965	3683
2018-01-01	3748	4142	3607
2018-02-01	3473	4198	3633
2018-03-01	3879	3770	3433
2018-04-01	4069	4095	3731
2018-05-01	4036	4258	3937
2018-06-01	3936	4243	3803
2018-07-01	4007	4229	3969
2018-08-01	3908	4236	3969
2018-09-01	3846	3989	3482
2018-10-01	3902	3947	3618
2018-11-01	3792	3831	3312
2018-12-01	3584	3746	3461
2019-01-01	3602	3794	3624
2019-02-01	3686	3720	3363
2019-03-01	3653	3939	3453
2019-04-01	3865	4240	3917
2019-05-01	3972	4062	0
2019-06-01	4283	4046	3982
2019-07-01	4110	4150	3819
2019-08-01	3873	3779	3819
2019-09-01	3851	4078	3819
2019-10-01	3616	3994	3487
2019-11-01	3616	3994	3487
2019-12-01	3669	3849	3439
2020-01-01	3677	3947	3312
2020-02-01	3763	3894	3722
2020-03-01	3910	4028	3507
2020-04-01	4518	4150	3967
2020-05-01	4019	4290	3814
2020-06-01	4341	4596	4233
2020-07-01	5358	5413	5175
2020-08-01	4613	4926	4279
2020-09-01	4830	4865	4316
2020-10-01	4723	4977	4266
2020-11-01	4784	5104	4276
2020-12-01	4665	5074	4366
2021-01-01	4768	5291	4304
2021-02-01	5043	5298	4291
2021-03-01	5573	5683	5054
2021-04-01	6167	6316	5745
2021-05-01	6563	6620	5996
2021-06-01	6663	6949	5951
2021-07-01	6582	7370	6092
2021-08-01	6766	7706	5950
2021-09-01	6493	7738	5913
2021-10-01	6498	7660	6046
2021-11-01	6445	7601	6093
2021-12-01	6066	7034	5854
2022-01-01	6508	7332	6007
2022-02-01	6710	7592	6239
2022-03-01	7234	7743	6574
2022-04-01	7731	8452	6778
2022-05-01	8023	8813	7534
2022-06-01	8025	9198	7826
2022-07-01	7409	8369	7514
2022-08-01	7054	8079	7164
2022-09-01	7085	7976	7087
2022-10-01	7071	7892	7017
2022-11-01	6814	7581	6548
2022-12-01	6862	7360	6235
2023-01-01	6790	7531	6587
\.


--
-- Data for Name: litrolechepagado046; Type: TABLE DATA; Schema: public; Owner: root
--

COPY public.litrolechepagado046 (bonificacion, fecha, precio_por_litro_nacional) FROM stdin;
2	2017-01-01	1.027
1	2017-01-01	917
2	2017-02-01	1.03
1	2017-02-01	917
2	2017-03-01	1.058
1	2017-03-01	965
2	2017-04-01	1.061
1	2017-04-01	958
2	2017-05-01	1.054
1	2017-05-01	957
2	2017-06-01	1.039
1	2017-06-01	951
2	2017-07-01	1.046
1	2017-07-01	963
2	2017-08-01	1.052
1	2017-08-01	968
2	2017-09-01	1.044
1	2017-09-01	968
2	2017-10-01	1.047
1	2017-10-01	974
2	2017-11-01	1.054
1	2017-11-01	982
2	2017-12-01	1.051
1	2017-12-01	982
2	2018-01-01	1.048
1	2018-01-01	983
2	2018-02-01	1.046
1	2018-02-01	979
2	2018-03-01	1.068
1	2018-03-01	1.012
2	2018-04-01	1.071
1	2018-04-01	1.014
2	2018-05-01	1.075
1	2018-05-01	1.019
2	2018-06-01	1.074
1	2018-06-01	1.021
2	2018-07-01	1.064
1	2018-07-01	1.021
2	2018-08-01	1.076
1	2018-08-01	1.033
2	2018-09-01	1.078
1	2018-09-01	1.034
2	2018-10-01	1.072
1	2018-10-01	1.026
2	2018-11-01	1.073
1	2018-11-01	1.027
2	2018-12-01	1.076
1	2018-12-01	1.031
2	2019-01-01	1.073
1	2019-01-01	1.025
2	2019-02-01	1.071
1	2019-02-01	1.013
2	2019-03-01	1.128
1	2019-03-01	1.056
2	2019-04-01	1.139
1	2019-04-01	1.064
2	2019-05-01	1.153
1	2019-05-01	1.067
2	2019-06-01	1.162
1	2019-06-01	1.078
2	2019-07-01	1.163
1	2019-07-01	1.061
2	2019-08-01	1.161
1	2019-08-01	1.066
2	2019-09-01	1.175
1	2019-09-01	1.076
2	2019-10-01	1.187
1	2019-10-01	1.081
2	2019-11-01	1.194
1	2019-11-01	1.081
2	2019-12-01	1.184
1	2019-12-01	1.075
2	2020-01-01	1.187
1	2020-01-01	1.06
2	2020-02-01	1.205
1	2020-02-01	1.063
2	2020-03-01	1.246
1	2020-03-01	1.127
2	2020-04-01	1.254
1	2020-04-01	1.126
2	2020-05-01	1.267
1	2020-05-01	1.131
2	2020-06-01	1.256
1	2020-06-01	1.122
2	2020-07-01	1.238
1	2020-07-01	1.119
2	2020-08-01	1.224
1	2020-08-01	1.111
2	2020-09-01	1.221
1	2020-09-01	1.134
2	2020-10-01	1.22
1	2020-10-01	1.149
2	2020-11-01	1.222
1	2020-11-01	1.147
2	2020-12-01	1.222
1	2020-12-01	1.137
2	2021-01-01	1.22
1	2021-01-01	1.139
2	2021-02-01	1.223
1	2021-02-01	1.136
2	2021-03-01	1.245
1	2021-03-01	1.17
2	2021-04-01	1.263
1	2021-04-01	1.184
2	2021-05-01	1.252
1	2021-05-01	1.17
2	2021-06-01	1.257
1	2021-06-01	1.173
2	2021-07-01	1.275
1	2021-07-01	1.175
2	2021-08-01	1.294
1	2021-08-01	1.177
2	2021-09-01	1.342
1	2021-09-01	1.191
2	2021-10-01	1.419
1	2021-10-01	1.267
2	2021-11-01	1.5
1	2021-11-01	1.273
2	2021-12-01	1.6
1	2021-12-01	1.279
2	2022-01-01	1.678
1	2022-01-01	1.256
2	2022-02-01	1.758
1	2022-02-01	1.251
2	2022-03-01	1.862
1	2022-03-01	1.35
2	2022-04-01	1.931
1	2022-04-01	1.35
2	2022-05-01	1.948
1	2022-05-01	1.35
2	2022-06-01	1.935
1	2022-06-01	1.363
2	2022-07-01	1.912
1	2022-07-01	1.344
2	2022-08-01	1.944
1	2022-08-01	1.356
2	2022-09-01	1.985
1	2022-09-01	1.376
2	2022-10-01	2.073
1	2022-10-01	1.379
2	2022-11-01	2.141
1	2022-11-01	1.381
2	2022-12-01	2.218
1	2022-12-01	1.384
\.


--
-- Data for Name: machocebagordopie071; Type: TABLE DATA; Schema: public; Owner: root
--

COPY public.machocebagordopie071 (fecha, precio_region_caribe, precio_magdalena_medio, precio_llanos_orientales) FROM stdin;
2019-01-01	4077	4017	3927
2019-02-01	4094	4119	4053
2019-03-01	4341	4230	4006
2019-04-01	4599	4482	4150
2019-05-01	4645	4475	4396
2019-06-01	4675	4485	4269
2019-07-01	4571	4383	4113
2019-08-01	4413	4057	3954
2019-09-01	4426	4172	4281
2019-10-01	4281	4357	4108
2019-11-01	4222	4453	4020
2019-12-01	4263	4416	4042
2020-01-01	4196	4381	4074
2020-02-01	4230	4367	4116
2020-03-01	4408	4215	4348
2020-04-01	4383	4775	4498
2020-05-01	4653	4783	4465
2020-06-01	4762	4953	4678
2020-07-01	4887	4825	4578
2020-08-01	4844	4892	4805
2020-09-01	4914	4943	4704
2020-10-01	4920	4757	4791
2020-11-01	4940	4822	4759
2020-12-01	4872	5085	4809
2021-01-01	5064	5059	4968
2021-02-01	5314	5072	5135
2021-03-01	5911	5329	5420
2021-04-01	6446	6005	6141
2021-05-01	6740	6139	6122
2021-06-01	6889	6585	6376
2021-07-01	6862	6607	6312
2021-08-01	6896	6813	6397
2021-09-01	6812	6742	6542
2021-10-01	6883	7007	6684
2021-11-01	6893	6673	6524
2021-12-01	6932	6777	6616
2022-01-01	7337	6726	6634
2022-02-01	7527	7000	6949
2022-03-01	8027	7204	7362
2022-04-01	8768	7990	7810
2022-05-01	9051	8538	8459
2022-06-01	8674	8554	8478
2022-07-01	8098	7929	7940
2022-08-01	7573	7351	7458
2022-09-01	7713	7441	7505
2022-10-01	7954	7704	7603
2022-11-01	7852	7900	7416
2022-12-01	7752	7614	7342
2023-01-01	7896	7887	7877
\.


--
-- Data for Name: parametros; Type: TABLE DATA; Schema: public; Owner: root
--

COPY public.parametros (idparametro, nombreparametro, valor, idpadre, descripcion) FROM stdin;
1	Indice costos produccion	1	\N	Indices de costos de produccion
2	Indice Costo Leche	1	1	\N
3	Indice Costo Doble Proposito	2	1	\N
4	Indice Costo Ceba	3	1	\N
5	Indice Costo Cria	4	1	\N
6	Indice Precio Leche	5	1	\N
7	Indice Precio Novillo Gordo	6	1	\N
8	Indice Precio Ganado Flaco	7	1	\N
9	IPC Total	8	1	\N
10	IPC Alimentos	9	1	\N
11	Litro leche pagado al productor	2	\N	Precios por litro de leche pagado al productor
12	con bonificaciones voluntarias	1	2	\N
13	sin bonificaciones voluntarias	2	2	\N
14	Bolsa mercantil	3	\N	Precios ganado gordo bolsa mercantil de colombia
15	Nacional	1	3	\N
16	Antioquia	2	3	\N
17	Valle del Cauca	3	3	\N
18	Bogota	4	3	\N
19	Santander	5	3	\N
20	Cordoba	6	3	\N
21	Caqueta	7	3	\N
22	Caldas	8	3	\N
23	Atlantico	9	3	\N
24	Cesar	10	3	\N
25	Origen comparativo precio	4	\N	Origenes comparativo precio novillo gordo
26	Bolsa Mercantil de Colombia	1	4	\N
27	Promedio subastas ganaderas	2	4	\N
28	Paises novillo gordo	5	\N	Lista paises con precio novillo gordo en pie
29	Argentina	1	5	\N
30	Australia	2	5	\N
31	Brasil	3	5	\N
32	Canada	4	5	\N
33	Chile	5	5	\N
34	Colombia	6	5	\N
35	Costa Rica	7	5	\N
36	Ecuador	8	5	\N
37	Estados Unidos	9	5	\N
38	Mexico	10	5	\N
39	Paraguay	11	5	\N
40	Uruguay	12	5	\N
41	Venezuela	13	5	\N
\.


--
-- Data for Name: preciolechecrudausdxl018; Type: TABLE DATA; Schema: public; Owner: root
--

COPY public.preciolechecrudausdxl018 (fecha, argentina, brasil, chile, colombia, estados_unidos, union_europea, uruguay, mexico, nueva_zelanda, china) FROM stdin;
2009-01-01	0.213	0.258	0.26	0.365	0.359	0.472	0.198	0.286	0.215	0.386
2009-02-01	0.206	0.259	0.26	0.327	0.244	0.441	0.204	0.249	0.2	0.377
2009-03-01	0.205	0.263	0.25	0.33	0.215	0.4	0.202	0.25	0.209	0.364
2009-04-01	0.205	0.284	0.26	0.338	0.236	0.298	0.203	0.256	0.227	0.357
2009-05-01	0.205	0.321	0.28	0.357	0.25	0.323	0.217	0.247	0.237	0.345
2009-06-01	0.204	0.362	0.28	0.38	0.23	0.328	0.224	0.242	0.221	0.339
2009-07-01	0.204	0.4	0.29	0.388	0.234	0.363	0.222	0.242	0.222	0.339
2009-08-01	0.212	0.419	0.28	0.394	0.229	0.387	0.217	0.259	0.261	0.338
2009-09-01	0.218	0.408	0.26	0.401	0.249	0.427	0.23	0.279	0.272	0.346
2009-10-01	0.234	0.402	0.27	0.42	0.282	0.413	0.244	0.306	0.339	0.356
2009-11-01	0.245	0.369	0.29	0.404	0.293	0.417	0.285	0.33	0.335	0.369
2009-12-01	0.261	0.351	0.3	0.393	0.319	0.405	0.28	0.354	0.329	0.38
2010-01-01	0.276	0.335	0.326	0.406	0.343	0.443	0.284	0.343	0.336	0.393
2010-02-01	0.289	0.336	0.31	0.416	0.338	0.404	0.302	0.338	0.323	0.4
2010-03-01	0.309	0.38	0.319	0.426	0.327	0.389	0.322	0.317	0.347	0.401
2010-04-01	0.336	0.433	0.325	0.422	0.301	0.369	0.337	0.313	0.351	0.41
2010-05-01	0.361	0.44	0.35	0.408	0.315	0.352	0.34	0.322	0.304	0.415
2010-06-01	0.357	0.427	0.346	0.417	0.348	0.366	0.318	0.33	0.368	0.42
2010-07-01	0.346	0.427	0.35	0.431	0.357	0.398	0.309	0.34	0.373	0.426
2010-08-01	0.335	0.393	0.36	0.441	0.36	0.451	0.32	0.359	0.376	0.432
2010-09-01	0.333	0.403	0.36	0.447	0.353	0.46	0.317	0.378	0.38	0.44
2010-10-01	0.333	0.414	0.35	0.445	0.378	0.466	0.326	0.397	0.413	0.453
2010-11-01	0.338	0.417	0.35	0.436	0.393	0.456	0.327	0.384	0.423	0.462
2010-12-01	0.346	0.425	0.35	0.422	0.387	0.438	0.342	0.358	0.41	0.471
2011-01-01	0.356	0.435	0.34	0.434	0.347	0.455	0.361	0.357	0.453	0.481
2011-02-01	0.371	0.442	0.36	0.434	0.362	0.461	0.391	0.41	0.45	0.486
2011-03-01	0.381	0.457	0.39	0.443	0.416	0.469	0.424	0.438	0.438	0.488
2011-04-01	0.386	0.502	0.41	0.464	0.443	0.441	0.437	0.421	0.466	0.49
2011-05-01	0.384	0.521	0.42	0.469	0.45	0.437	0.444	0.421	0.471	0.491
2011-06-01	0.377	0.544	0.41	0.477	0.463	0.497	0.45	0.455	0.438	0.494
2011-07-01	0.368	0.553	0.41	0.482	0.479	0.52	0.447	0.47	0.454	0.496
2011-08-01	0.354	0.545	0.41	0.482	0.489	0.525	0.424	0.473	0.451	0.498
2011-09-01	0.347	0.508	0.38	0.478	0.497	0.519	0.399	0.456	0.411	0.502
2011-10-01	0.343	0.502	0.37	0.463	0.446	0.47	0.385	0.426	0.397	0.505
2011-11-01	0.338	0.476	0.37	0.466	0.421	0.464	0.377	0.438	0.4	0.51
2011-12-01	0.338	0.462	0.36	0.467	0.429	0.441	0.378	0.426	0.4	0.513
2012-01-01	0.349	0.465	0.37	0.494	0.488	0.458	0.415	0.405	0.413	0.516
2012-02-01	0.352	0.49	0.4	0.52	0.472	0.473	0.399	0.378	0.422	0.521
2012-03-01	0.361	0.478	0.4	0.527	0.43	0.453	0.412	0.37	0.416	0.52
2012-04-01	0.362	0.467	0.41	0.526	0.401	0.394	0.413	0.362	0.396	0.519
2012-05-01	0.358	0.44	0.41	0.516	0.377	0.38	0.398	0.349	0.376	0.519
2012-06-01	0.354	0.417	0.4	0.505	0.354	0.408	0.368	0.349	0.346	0.515
2012-07-01	0.349	0.421	0.41	0.504	0.347	0.412	0.359	0.364	0.339	0.515
2012-08-01	0.339	0.421	0.41	0.505	0.361	0.407	0.339	0.391	0.343	0.513
2012-09-01	0.331	0.429	0.4	0.505	0.357	0.425	0.34	0.422	0.346	0.519
2012-10-01	0.329	0.434	0.4	0.505	0.372	0.417	0.356	0.464	0.347	0.528
2012-11-01	0.332	0.432	0.39	0.499	0.388	0.411	0.354	0.474	0.362	0.536
2012-12-01	0.336	0.43	0.4	0.503	0.429	0.412	0.362	0.446	0.367	0.542
2013-01-01	0.35	0.435	0.39	0.507	0.433	0.442	0.377	0.427	0.37	0.546
2013-02-01	0.362	0.453	0.4	0.5	0.415	0.445	0.398	0.419	0.391	0.55
2013-03-01	0.383	0.461	0.42	0.492	0.406	0.42	0.425	0.41	0.386	0.551
2013-04-01	0.397	0.476	0.43	0.487	0.403	0.406	0.445	0.419	0.394	0.554
2013-05-01	0.398	0.483	0.46	0.48	0.405	0.414	0.445	0.424	0.385	0.562
2013-06-01	0.397	0.468	0.45	0.458	0.432	0.47	0.405	0.419	0.451	0.57
2013-07-01	0.395	0.468	0.44	0.46	0.431	0.49	0.395	0.408	0.487	0.579
2013-08-01	0.387	0.463	0.43	0.461	0.418	0.503	0.391	0.42	0.52	0.59
2013-09-01	0.38	0.488	0.4	0.458	0.437	0.508	0.407	0.431	0.532	0.604
2013-10-01	0.377	0.51	0.4	0.469	0.438	0.511	0.436	0.444	0.547	0.624
2013-11-01	0.376	0.479	0.39	0.46	0.461	0.515	0.445	0.458	0.528	0.653
2013-12-01	0.365	0.444	0.38	0.459	0.464	0.532	0.436	0.464	0.525	0.677
2014-01-01	0.354	0.418	0.4	0.455	0.49	0.555	0.451	0.448	0.55	0.701
2014-02-01	0.343	0.416	0.4	0.442	0.502	0.545	0.451	0.429	0.551	0.699
2014-03-01	0.353	0.439	0.4	0.444	0.539	0.526	0.463	0.43	0.566	0.686
2014-04-01	0.368	0.485	0.42	0.466	0.539	0.489	0.462	0.443	0.556	0.676
2014-05-01	0.37	0.498	0.44	0.473	0.558	0.481	0.458	0.466	0.556	0.668
2014-06-01	0.377	0.492	0.44	0.48	0.521	0.505	0.458	0.446	0.408	0.655
2014-07-01	0.386	0.495	0.43	0.489	0.525	0.51	0.443	0.463	0.412	0.646
2014-08-01	0.375	0.485	0.41	0.48	0.544	0.535	0.411	0.477	0.359	0.642
2014-09-01	0.375	0.469	0.39	0.464	0.539	0.526	0.398	0.485	0.347	0.639
2014-10-01	0.375	0.437	0.38	0.45	0.552	0.478	0.379	0.492	0.335	0.637
2014-11-01	0.382	0.403	0.37	0.431	0.549	0.444	0.379	0.492	0.298	0.627
2014-12-01	0.377	0.372	0.36	0.392	0.514	0.425	0.376	0.436	0.295	0.612
2015-01-01	0.369	0.352	0.33	0.385	0.424	0.385	0.367	0.422	0.291	0.574
2015-02-01	0.375	0.328	0.33	0.379	0.37	0.369	0.371	0.401	0.28	0.55
2015-03-01	0.368	0.3	0.34	0.354	0.355	0.328	0.36	0.364	0.281	0.548
2015-04-01	0.369	0.313	0.35	0.364	0.353	0.336	0.342	0.4	0.267	0.549
2015-05-01	0.364	0.331	0.37	0.371	0.361	0.342	0.321	0.339	0.262	0.549
2015-06-01	0.352	0.334	0.36	0.35	0.368	0.345	0.294	0.347	0.279	0.549
2015-07-01	0.336	0.332	0.346	0.298	0.377	0.345	0.272	0.372	0.217	0.55
2015-08-01	0.307	0.31	0.314	0.302	0.373	0.378	0.261	0.37	0.252	0.537
2015-09-01	0.286	0.274	0.284	0.299	0.373	0.375	0.259	0.371	0.243	0.54
2015-10-01	0.283	0.273	0.279	0.318	0.361	0.365	0.263	\N	0.259	0.546
2015-11-01	0.27	0.278	0.27	0.312	0.376	0.342	0.258	\N	0.255	0.55
2015-12-01	0.266	0.28	0.263	0.302	0.366	\N	0.253	\N	0.258	0.536
2020-01-01	0.29	0.33	0.33	0.36	0.43	0.39	0.31	0.35	0.38	0.55
2020-02-01	0.29	0.33	0.33	0.35	0.42	0.38	0.31	0.35	0.35	0.54
2020-03-01	0.29	0.3	0.33	0.32	0.4	0.38	0.28	0.3	0.34	0.53
2020-04-01	0.28	0.27	0.37	0.32	0.32	0.36	0.28	0.28	0.34	0.51
2020-05-01	0.27	0.24	0.38	0.33	0.3	0.36	0.29	0.29	0.34	0.5
2020-06-01	0.26	0.29	0.4	34	0.4	0.37	0.29	0.3	0.33	0.5
2020-07-01	0.26	0.33	0.39	0.34	0.45	0.38	0.29	0.3	\N	0.51
2020-08-01	0.25	0.36	0.39	0.32	0.41	0.39	0.28	0.31	0.32	0.56
2020-09-01	0.25	0.4	0.36	0.33	0.39	0.4	0.3	0.32	0.34	0.57
2020-10-01	0.25	0.38	0.34	0.32	0.45	0.41	0.3	0.32	0.34	0.59
2020-11-01	0.25	0.37	0.37	0.33	0.47	0.35	0.3	0.34	\N	0.61
2020-12-01	0.26	0.41	0.39	0.35	0.41	0.35	0.3	0.34	0.31	0.63
2021-01-01	0.26	0.38	0.39	0.35	0.39	0.35	0.31	0.34	0.32	0.65
2021-02-01	0.27	0.37	0.4	0.34	0.38	0.35	0.32	0.34	0.35	0.66
2021-03-01	0.29	0.34	0.41	0.34	0.38	0.35	0.32	0.36	0.36	0.65
2021-04-01	0.3	0.35	0.47	0.35	0.41	0.35	0.34	0.35	0.34	0.65
2021-05-01	0.32	0.39	0.48	0.34	0.42	0.36	0.35	0.35	0.34	0.66
2021-06-01	0.33	0.44	0.45	0.34	0.41	0.36	0.35	0.35	0.36	0.66
2021-07-01	0.33	0.45	0.44	0.33	0.39	0.36	0.35	0.35	0.36	0.66
2021-08-01	0.33	0.45	0.42	0.33	0.39	0.36	0.36	0.35	0.36	0.65
2021-09-01	0.34	0.45	0.39	0.35	0.41	0.37	0.36	0.35	0.39	0.67
2021-10-01	0.34	0.42	0.36	0.38	0.43	0.38	0.34	0.34	0.41	0.67
2021-11-01	0.34	0.39	0.38	0.38	0.46	0.4	0.35	0.34	0.41	0.67
2021-12-01	0.34	0.37	0.38	0.4	0.48	0.41	0.35	0.34	0.42	0.67
2022-01-01	0.34	0.38	0.4	0.42	0.53	0.42	0.36	0.36	0.43	0.67
2022-02-01	0.35	0.41	0.41	0.45	0.54	0.43	0.4	0.36	0.43	0.67
2022-03-01	0.37	0.44	0.45	0.49	0.57	0.43	0.42	0.36	0.45	0.66
2022-04-01	0.38	0.51	0.49	0.51	0.6	0.46	0.44	0.38	0.44	0.63
2022-05-01	0.39	0.51	\N	0.48	0.6	0.47	0.44	0.38	\N	0.62
2022-06-01	0.39	0.53	0.48	0.49	0.59	0.49	0.44	0.39	0.43	0.62
2022-07-01	0.4	0.59	0.43	0.44	0.57	0.5	0.42	0.38	0.42	0.61
2022-08-01	0.39	0.69	0.45	0.45	0.54	0.52	0.42	0.39	0.44	0.61
2022-09-01	0.39	0.58	0.42	0.45	0.54	0.53	0.42	0.4	0.43	0.59
2022-10-01	0.38	0.54	0.4	0.44	0.57	0.57	0.41	0.41	0.41	0.57
2022-11-01	0.38	0.51	0.42	0.43	0.56	0.58	0.41	0.41	0.41	\N
2022-12-01	0.38	0.48	0.45	0.46	0.54	0.58	0.42	0.41	\N	\N
\.


--
-- Data for Name: preciousdnovillogordopie014; Type: TABLE DATA; Schema: public; Owner: root
--

COPY public.preciousdnovillogordopie014 (pais, fecha, precio) FROM stdin;
Argentina	2001-01-01	0.833
Australia	2001-01-01	0.86
Brasil	2001-01-01	0.756
Canadá	2001-01-01	0.585
Chile	2001-01-01	0.79
Colombia	2001-01-01	0.834
Costa Rica	2001-01-01	0.028
Ecuador	2001-01-01	0.14
Estados Unidos	2001-01-01	0.748
Mexico	2001-01-01	0.513
Paraguay	2001-01-01	0.62
Uruguay	2001-01-01	0.758
Venezuela	2001-01-01	3.21
Argentina	2001-02-01	0.851
Australia	2001-02-01	0.86
Brasil	2001-02-01	0.727
Canadá	2001-02-01	0.591
Chile	2001-02-01	0.8
Colombia	2001-02-01	0.84
Costa Rica	2001-02-01	0.038
Ecuador	2001-02-01	0.97
Estados Unidos	2001-02-01	0.733
Mexico	2001-02-01	0.505
Paraguay	2001-02-01	0.609
Uruguay	2001-02-01	0.769
Venezuela	2001-02-01	3.24
Argentina	2001-03-01	0.849
Australia	2001-03-01	0.85
Brasil	2001-03-01	0.702
Canadá	2001-03-01	0.649
Chile	2001-03-01	0.71
Colombia	2001-03-01	0.899
Costa Rica	2001-03-01	0.069
Ecuador	2001-03-01	0.06
Estados Unidos	2001-03-01	0.764
Mexico	2001-03-01	0.545
Paraguay	2001-03-01	0.578
Uruguay	2001-03-01	0.773
Venezuela	2001-03-01	3.42
Argentina	2001-04-01	0.849
Australia	2001-04-01	0.89
Brasil	2001-04-01	0.7
Canadá	2001-04-01	0.631
Chile	2001-04-01	0.69
Colombia	2001-04-01	0.001
Costa Rica	2001-04-01	0.123
Ecuador	2001-04-01	0.01
Estados Unidos	2001-04-01	0.738
Mexico	2001-04-01	0.613
Paraguay	2001-04-01	0.571
Uruguay	2001-04-01	0.754
Venezuela	2001-04-01	3.9
Argentina	2001-05-01	0.836
Australia	2001-05-01	0.93
Brasil	2001-05-01	0.656
Canadá	2001-05-01	0.593
Chile	2001-05-01	0.69
Colombia	2001-05-01	0.028
Costa Rica	2001-05-01	0.182
Ecuador	2001-05-01	0.16
Estados Unidos	2001-05-01	0.681
Mexico	2001-05-01	0.652
Paraguay	2001-05-01	0.553
Uruguay	2001-05-01	0.685
Venezuela	2001-05-01	4.17
Argentina	2001-06-01	0.83
Australia	2001-06-01	0.92
Brasil	2001-06-01	0.635
Canadá	2001-06-01	0.55
Chile	2001-06-01	0.76
Colombia	2001-06-01	0.069
Costa Rica	2001-06-01	0.165
Ecuador	2001-06-01	0.23
Estados Unidos	2001-06-01	0.673
Mexico	2001-06-01	0.666
Paraguay	2001-06-01	0.546
Uruguay	2001-06-01	0.664
Venezuela	2001-06-01	4.74
Argentina	2001-07-01	0.793
Australia	2001-07-01	0.92
Brasil	2001-07-01	0.618
Canadá	2001-07-01	0.517
Chile	2001-07-01	0.8
Colombia	2001-07-01	0.05
Costa Rica	2001-07-01	0.216
Ecuador	2001-07-01	0.93
Estados Unidos	2001-07-01	0.614
Mexico	2001-07-01	0.657
Paraguay	2001-07-01	0.521
Uruguay	2001-07-01	0.652
Venezuela	2001-07-01	4.44
Argentina	2001-08-01	0.735
Australia	2001-08-01	0.02
Brasil	2001-08-01	0.619
Canadá	2001-08-01	0.462
Chile	2001-08-01	0.85
Colombia	2001-08-01	0.048
Costa Rica	2001-08-01	0.22
Ecuador	2001-08-01	0.79
Estados Unidos	2001-08-01	0.56
Mexico	2001-08-01	0.674
Paraguay	2001-08-01	0.53
Uruguay	2001-08-01	0.634
Venezuela	2001-08-01	4.2
Argentina	2001-09-01	0.674
Australia	2001-09-01	0.05
Brasil	2001-09-01	0.592
Canadá	2001-09-01	0.381
Chile	2001-09-01	0.76
Colombia	2001-09-01	0.014
Costa Rica	2001-09-01	0.186
Ecuador	2001-09-01	0.88
Estados Unidos	2001-09-01	0.523
Mexico	2001-09-01	0.623
Paraguay	2001-09-01	0.518
Uruguay	2001-09-01	0.604
Venezuela	2001-09-01	4.02
Argentina	2001-10-01	0.668
Australia	2001-10-01	0.97
Brasil	2001-10-01	0.626
Canadá	2001-10-01	0.335
Chile	2001-10-01	0.7
Colombia	2001-10-01	0.018
Costa Rica	2001-10-01	0.145
Ecuador	2001-10-01	0.92
Estados Unidos	2001-10-01	0.457
Mexico	2001-10-01	0.631
Paraguay	2001-10-01	0.525
Uruguay	2001-10-01	0.607
Venezuela	2001-10-01	4.17
Argentina	2001-11-01	0.642
Australia	2001-11-01	0.07
Brasil	2001-11-01	0.666
Canadá	2001-11-01	0.343
Chile	2001-11-01	0.66
Colombia	2001-11-01	0.999
Costa Rica	2001-11-01	0.128
Ecuador	2001-11-01	0.86
Estados Unidos	2001-11-01	0.42
Mexico	2001-11-01	0.673
Paraguay	2001-11-01	0.506
Uruguay	2001-11-01	0.6
Venezuela	2001-11-01	3.99
Argentina	2001-12-01	0.656
Australia	2001-12-01	1
Brasil	2001-12-01	0.718
Canadá	2001-12-01	0.388
Chile	2001-12-01	0.67
Colombia	2001-12-01	0.024
Costa Rica	2001-12-01	0.122
Ecuador	2001-12-01	0.05
Estados Unidos	2001-12-01	0.408
Mexico	2001-12-01	0.69
Paraguay	2001-12-01	0.48
Uruguay	2001-12-01	0.566
Venezuela	2001-12-01	3.78
Argentina	2002-01-01	0.522
Australia	2002-01-01	0.92
Brasil	2002-01-01	0.706
Canadá	2002-01-01	0.444
Chile	2002-01-01	0.65
Colombia	2002-01-01	0.03
Costa Rica	2002-01-01	0.132
Ecuador	2002-01-01	0.04
Estados Unidos	2002-01-01	0.471
Mexico	2002-01-01	0.684
Paraguay	2002-01-01	0.475
Uruguay	2002-01-01	0.552
Venezuela	2002-01-01	3.9
Argentina	2002-02-01	0.43
Australia	2002-02-01	0.9
Brasil	2002-02-01	0.697
Canadá	2002-02-01	0.495
Chile	2002-02-01	0.64
Colombia	2002-02-01	0.027
Costa Rica	2002-02-01	0.139
Ecuador	2002-02-01	0.94
Estados Unidos	2002-02-01	0.561
Mexico	2002-02-01	0.7
Paraguay	2002-02-01	0.475
Uruguay	2002-02-01	0.558
Venezuela	2002-02-01	2.91
Argentina	2002-03-01	0.398
Australia	2002-03-01	0.95
Brasil	2002-03-01	0.702
Canadá	2002-03-01	0.517
Chile	2002-03-01	0.66
Colombia	2002-03-01	0.028
Costa Rica	2002-03-01	0.142
Ecuador	2002-03-01	0.91
Estados Unidos	2002-03-01	0.595
Mexico	2002-03-01	0.708
Paraguay	2002-03-01	0.459
Uruguay	2002-03-01	0.564
Venezuela	2002-03-01	3.15
Argentina	2002-04-01	0.446
Australia	2002-04-01	0.92
Brasil	2002-04-01	0.675
Canadá	2002-04-01	0.41
Chile	2002-04-01	0.71
Colombia	2002-04-01	0.066
Costa Rica	2002-04-01	0.144
Ecuador	2002-04-01	0.95
Estados Unidos	2002-04-01	0.505
Mexico	2002-04-01	0.696
Paraguay	2002-04-01	0.472
Uruguay	2002-04-01	0.551
Venezuela	2002-04-01	3.21
Argentina	2002-05-01	0.399
Australia	2002-05-01	0.86
Brasil	2002-05-01	0.626
Canadá	2002-05-01	0.4
Chile	2002-05-01	0.68
Colombia	2002-05-01	0.066
Costa Rica	2002-05-01	0.117
Ecuador	2002-05-01	0.88
Estados Unidos	2002-05-01	0.466
Mexico	2002-05-01	0.645
Paraguay	2002-05-01	0.45
Uruguay	2002-05-01	0.532
Venezuela	2002-05-01	3.18
Argentina	2002-06-01	0.377
Australia	2002-06-01	0.8
Brasil	2002-06-01	0.575
Canadá	2002-06-01	0.347
Chile	2002-06-01	0.73
Colombia	2002-06-01	0.03
Costa Rica	2002-06-01	0.073
Ecuador	2002-06-01	0.88
Estados Unidos	2002-06-01	0.413
Mexico	2002-06-01	0.586
Paraguay	2002-06-01	0.43
Uruguay	2002-06-01	0.531
Venezuela	2002-06-01	2.34
Argentina	2002-07-01	0.424
Australia	2002-07-01	0.79
Brasil	2002-07-01	0.551
Canadá	2002-07-01	0.346
Chile	2002-07-01	0.74
Colombia	2002-07-01	0.953
Costa Rica	2002-07-01	0.073
Ecuador	2002-07-01	0.83
Estados Unidos	2002-07-01	0.383
Mexico	2002-07-01	0.586
Paraguay	2002-07-01	0.389
Uruguay	2002-07-01	0.553
Venezuela	2002-07-01	2.16
Argentina	2002-08-01	0.534
Australia	2002-08-01	0.79
Brasil	2002-08-01	0.585
Canadá	2002-08-01	0.343
Chile	2002-08-01	0.73
Colombia	2002-08-01	0.891
Costa Rica	2002-08-01	0.065
Ecuador	2002-08-01	0.78
Estados Unidos	2002-08-01	0.395
Mexico	2002-08-01	0.565
Paraguay	2002-08-01	0.427
Uruguay	2002-08-01	0.57
Venezuela	2002-08-01	2.1
Argentina	2002-09-01	0.566
Australia	2002-09-01	0.87
Brasil	2002-09-01	0.553
Canadá	2002-09-01	0.332
Chile	2002-09-01	0.73
Colombia	2002-09-01	0.85
Costa Rica	2002-09-01	0.038
Ecuador	2002-09-01	0.79
Estados Unidos	2002-09-01	0.411
Mexico	2002-09-01	0.506
Paraguay	2002-09-01	0.427
Uruguay	2002-09-01	0.597
Venezuela	2002-09-01	0.95
Argentina	2002-10-01	0.557
Australia	2002-10-01	0.87
Brasil	2002-10-01	0.521
Canadá	2002-10-01	0.338
Chile	2002-10-01	0.68
Colombia	2002-10-01	0.823
Costa Rica	2002-10-01	0.024
Ecuador	2002-10-01	0.84
Estados Unidos	2002-10-01	0.417
Mexico	2002-10-01	0.5
Paraguay	2002-10-01	0.427
Uruguay	2002-10-01	0.6
Venezuela	2002-10-01	0.98
Argentina	2002-11-01	0.59
Australia	2002-11-01	0.83
Brasil	2002-11-01	0.595
Canadá	2002-11-01	0.397
Chile	2002-11-01	0.72
Colombia	2002-11-01	0.858
Costa Rica	2002-11-01	1
Ecuador	2002-11-01	0.85
Estados Unidos	2002-11-01	0.529
Mexico	2002-11-01	0.491
Paraguay	2002-11-01	0.412
Uruguay	2002-11-01	0.599
Venezuela	2002-11-01	2.13
Argentina	2002-12-01	0.596
Australia	2002-12-01	0.773
Brasil	2002-12-01	0.583
Canadá	2002-12-01	0.486
Chile	2002-12-01	0.67
Colombia	2002-12-01	0.827
Costa Rica	2002-12-01	0.998
Ecuador	2002-12-01	0.85
Estados Unidos	2002-12-01	0.584
Mexico	2002-12-01	0.493
Paraguay	2002-12-01	0.385
Uruguay	2002-12-01	0.576
Venezuela	2002-12-01	2.19
Argentina	2003-01-01	0.619
Australia	2003-01-01	0.859
Brasil	2003-01-01	0.617
Canadá	2003-01-01	0.618
Chile	2003-01-01	0.63
Colombia	2003-01-01	0.808
Costa Rica	2003-01-01	0.013
Ecuador	2003-01-01	0.903
Estados Unidos	2003-01-01	0.693
Mexico	2003-01-01	0.433
Paraguay	2003-01-01	0.424
Uruguay	2003-01-01	0.579
Venezuela	2003-01-01	0.98
Argentina	2003-02-01	0.636
Australia	2003-02-01	0.857
Brasil	2003-02-01	0.584
Canadá	2003-02-01	0.628
Chile	2003-02-01	0.62
Colombia	2003-02-01	0.783
Costa Rica	2003-02-01	0.008
Ecuador	2003-02-01	0.895
Estados Unidos	2003-02-01	0.714
Mexico	2003-02-01	0.394
Paraguay	2003-02-01	0.426
Uruguay	2003-02-01	0.584
Venezuela	2003-02-01	0.5
Argentina	2003-03-01	0.639
Australia	2003-03-01	0.947
Brasil	2003-03-01	0.604
Canadá	2003-03-01	0.597
Chile	2003-03-01	0.59
Colombia	2003-03-01	0.809
Costa Rica	2003-03-01	0.008
Ecuador	2003-03-01	0.8
Estados Unidos	2003-03-01	0.709
Mexico	2003-03-01	0.407
Paraguay	2003-03-01	0.42
Uruguay	2003-03-01	0.594
Venezuela	2003-03-01	0.56
Argentina	2003-04-01	0.649
Australia	2003-04-01	0.025
Brasil	2003-04-01	0.653
Canadá	2003-04-01	0.639
Chile	2003-04-01	0.59
Colombia	2003-04-01	0.851
Costa Rica	2003-04-01	1
Ecuador	2003-04-01	0.66
Estados Unidos	2003-04-01	0.749
Mexico	2003-04-01	0.444
Paraguay	2003-04-01	0.4
Uruguay	2003-04-01	0.562
Venezuela	2003-04-01	0.89
Argentina	2003-05-01	0.651
Australia	2003-05-01	0.049
Brasil	2003-05-01	0.647
Canadá	2003-05-01	0.681
Chile	2003-05-01	0.61
Colombia	2003-05-01	0.866
Costa Rica	2003-05-01	0.996
Ecuador	2003-05-01	0.667
Estados Unidos	2003-05-01	0.743
Mexico	2003-05-01	0.501
Paraguay	2003-05-01	0.404
Uruguay	2003-05-01	0.569
Venezuela	2003-05-01	0.98
Argentina	2003-06-01	0.653
Australia	2003-06-01	0.159
Brasil	2003-06-01	0.674
Canadá	2003-06-01	0.196
Chile	2003-06-01	0.65
Colombia	2003-06-01	0.886
Costa Rica	2003-06-01	0.988
Ecuador	2003-06-01	0.66
Estados Unidos	2003-06-01	0.721
Mexico	2003-06-01	0.474
Paraguay	2003-06-01	0.445
Uruguay	2003-06-01	0.639
Venezuela	2003-06-01	0.98
Argentina	2003-07-01	0.665
Australia	2003-07-01	0.166
Brasil	2003-07-01	0.699
Canadá	2003-07-01	0.674
Chile	2003-07-01	0.71
Colombia	2003-07-01	0.853
Costa Rica	2003-07-01	0.983
Ecuador	2003-07-01	0.74
Estados Unidos	2003-07-01	0.667
Mexico	2003-07-01	0.486
Paraguay	2003-07-01	0.49
Uruguay	2003-07-01	0.703
Venezuela	2003-07-01	0.68
Argentina	2003-08-01	0.654
Australia	2003-08-01	0.257
Brasil	2003-08-01	0.701
Canadá	2003-08-01	0.678
Chile	2003-08-01	0.72
Colombia	2003-08-01	0.842
Costa Rica	2003-08-01	0.972
Ecuador	2003-08-01	0.783
Estados Unidos	2003-08-01	0.774
Mexico	2003-08-01	0.431
Paraguay	2003-08-01	0.472
Uruguay	2003-08-01	0.835
Venezuela	2003-08-01	0.62
Argentina	2003-09-01	0.643
Australia	2003-09-01	0.247
Brasil	2003-09-01	0.744
Canadá	2003-09-01	0.099
Chile	2003-09-01	0.74
Colombia	2003-09-01	0.835
Costa Rica	2003-09-01	0.962
Ecuador	2003-09-01	0.8
Estados Unidos	2003-09-01	0.964
Mexico	2003-09-01	0.404
Paraguay	2003-09-01	0.501
Uruguay	2003-09-01	0.898
Venezuela	2003-09-01	0.74
Argentina	2003-10-01	0.662
Australia	2003-10-01	0.279
Brasil	2003-10-01	0.764
Canadá	2003-10-01	0.276
Chile	2003-10-01	0.77
Colombia	2003-10-01	0.826
Costa Rica	2003-10-01	0.969
Ecuador	2003-10-01	0.738
Estados Unidos	2003-10-01	2.244
Mexico	2003-10-01	0.386
Paraguay	2003-10-01	0.578
Uruguay	2003-10-01	0.9
Venezuela	2003-10-01	0.71
Argentina	2003-11-01	0.653
Australia	2003-11-01	0.225
Brasil	2003-11-01	0.763
Canadá	2003-11-01	0.378
Chile	2003-11-01	0.75
Colombia	2003-11-01	0.31
Costa Rica	2003-11-01	0.979
Ecuador	2003-11-01	0.735
Estados Unidos	2003-11-01	2.278
Mexico	2003-11-01	0.43
Paraguay	2003-11-01	0.588
Uruguay	2003-11-01	0.837
Venezuela	2003-11-01	0.8
Argentina	2003-12-01	0.66
Australia	2003-12-01	0.206
Brasil	2003-12-01	0.758
Canadá	2003-12-01	0.418
Chile	2003-12-01	0.75
Colombia	2003-12-01	0.861
Costa Rica	2003-12-01	0.974
Ecuador	2003-12-01	0.765
Estados Unidos	2003-12-01	2.09
Mexico	2003-12-01	0.471
Paraguay	2003-12-01	0.589
Uruguay	2003-12-01	0.827
Venezuela	2003-12-01	0.59
Argentina	2004-01-01	0.675
Australia	2004-01-01	0.33
Brasil	2004-01-01	0.778
Canadá	2004-01-01	0.408
Chile	2004-01-01	0.73
Colombia	2004-01-01	0.889
Costa Rica	2004-01-01	0.975
Ecuador	2004-01-01	0.787
Estados Unidos	2004-01-01	0.763
Mexico	2004-01-01	0.587
Paraguay	2004-01-01	0.568
Uruguay	2004-01-01	0.803
Venezuela	2004-01-01	0.95
Argentina	2004-02-01	0.684
Australia	2004-02-01	0.269
Brasil	2004-02-01	0.738
Canadá	2004-02-01	0.327
Chile	2004-02-01	0.72
Colombia	2004-02-01	0.897
Costa Rica	2004-02-01	0.983
Ecuador	2004-02-01	0.753
Estados Unidos	2004-02-01	0.736
Mexico	2004-02-01	0.612
Paraguay	2004-02-01	0.549
Uruguay	2004-02-01	0.805
Venezuela	2004-02-01	0.77
Argentina	2004-03-01	0.679
Australia	2004-03-01	0.226
Brasil	2004-03-01	0.736
Canadá	2004-03-01	0.411
Chile	2004-03-01	0.66
Colombia	2004-03-01	0.95
Costa Rica	2004-03-01	0.988
Ecuador	2004-03-01	0.845
Estados Unidos	2004-03-01	0.883
Mexico	2004-03-01	0.621
Paraguay	2004-03-01	0.548
Uruguay	2004-03-01	0.796
Venezuela	2004-03-01	0.74
Argentina	2004-04-01	0.73
Australia	2004-04-01	0.244
Brasil	2004-04-01	0.737
Canadá	2004-04-01	0.418
Chile	2004-04-01	0.67
Colombia	2004-04-01	0.974
Costa Rica	2004-04-01	0.995
Ecuador	2004-04-01	0.793
Estados Unidos	2004-04-01	0.917
Mexico	2004-04-01	0.586
Paraguay	2004-04-01	0.554
Uruguay	2004-04-01	0.808
Venezuela	2004-04-01	2.34
Argentina	2004-05-01	0.695
Australia	2004-05-01	0.17
Brasil	2004-05-01	0.71
Canadá	2004-05-01	0.337
Chile	2004-05-01	0.65
Colombia	2004-05-01	0.955
Costa Rica	2004-05-01	0.993
Ecuador	2004-05-01	0.757
Estados Unidos	2004-05-01	0.95
Mexico	2004-05-01	0.555
Paraguay	2004-05-01	0.512
Uruguay	2004-05-01	0.824
Venezuela	2004-05-01	2.43
Argentina	2004-06-01	0.664
Australia	2004-06-01	0.27
Brasil	2004-06-01	0.712
Canadá	2004-06-01	0.241
Chile	2004-06-01	0.74
Colombia	2004-06-01	0.962
Costa Rica	2004-06-01	0.007
Ecuador	2004-06-01	0.773
Estados Unidos	2004-06-01	0.958
Mexico	2004-06-01	0.588
Paraguay	2004-06-01	0.519
Uruguay	2004-06-01	0.871
Venezuela	2004-06-01	3.12
Argentina	2004-07-01	0.68
Australia	2004-07-01	0.406
Brasil	2004-07-01	0.729
Canadá	2004-07-01	0.264
Chile	2004-07-01	0.79
Colombia	2004-07-01	0.986
Costa Rica	2004-07-01	0.014
Ecuador	2004-07-01	0.75
Estados Unidos	2004-07-01	0.859
Mexico	2004-07-01	0.588
Paraguay	2004-07-01	0.54
Uruguay	2004-07-01	0.931
Venezuela	2004-07-01	2.91
Argentina	2004-08-01	0.703
Australia	2004-08-01	0.439
Brasil	2004-08-01	0.755
Canadá	2004-08-01	0.217
Chile	2004-08-01	0.82
Colombia	2004-08-01	0.996
Costa Rica	2004-08-01	0.01
Ecuador	2004-08-01	0.745
Estados Unidos	2004-08-01	0.854
Mexico	2004-08-01	0.633
Paraguay	2004-08-01	0.555
Uruguay	2004-08-01	0.944
Venezuela	2004-08-01	2.55
Argentina	2004-09-01	0.709
Australia	2004-09-01	0.447
Brasil	2004-09-01	0.764
Canadá	2004-09-01	0.341
Chile	2004-09-01	0.81
Colombia	2004-09-01	0.015
Costa Rica	2004-09-01	0.003
Ecuador	2004-09-01	0.798
Estados Unidos	2004-09-01	0.798
Mexico	2004-09-01	0.728
Paraguay	2004-09-01	0.522
Uruguay	2004-09-01	0.933
Venezuela	2004-09-01	2.61
Argentina	2004-10-01	0.688
Australia	2004-10-01	0.425
Brasil	2004-10-01	0.77
Canadá	2004-10-01	0.429
Chile	2004-10-01	0.79
Colombia	2004-10-01	0.013
Costa Rica	2004-10-01	0.997
Ecuador	2004-10-01	0.777
Estados Unidos	2004-10-01	0.819
Mexico	2004-10-01	0.875
Paraguay	2004-10-01	0.563
Uruguay	2004-10-01	0.916
Venezuela	2004-10-01	2.67
Argentina	2004-11-01	0.674
Australia	2004-11-01	0.46
Brasil	2004-11-01	0.806
Canadá	2004-11-01	0.476
Chile	2004-11-01	0.75
Colombia	2004-11-01	0.023
Costa Rica	2004-11-01	0.99
Ecuador	2004-11-01	0.77
Estados Unidos	2004-11-01	0.817
Mexico	2004-11-01	0.892
Paraguay	2004-11-01	0.581
Uruguay	2004-11-01	0.903
Venezuela	2004-11-01	2.58
Argentina	2004-12-01	0.68
Australia	2004-12-01	0.461
Brasil	2004-12-01	0.828
Canadá	2004-12-01	0.526
Chile	2004-12-01	0.73
Colombia	2004-12-01	0.076
Costa Rica	2004-12-01	0.984
Ecuador	2004-12-01	0.81
Estados Unidos	2004-12-01	0.894
Mexico	2004-12-01	0.935
Paraguay	2004-12-01	0.554
Uruguay	2004-12-01	0.867
Venezuela	2004-12-01	2.49
Argentina	2005-01-01	0.675
Australia	2005-01-01	0.514
Brasil	2005-01-01	0.814
Canadá	2005-01-01	0.628
Chile	2005-01-01	0.71
Colombia	2005-01-01	0.094
Costa Rica	2005-01-01	0.974
Ecuador	2005-01-01	0.865
Estados Unidos	2005-01-01	0.931
Mexico	2005-01-01	0.925
Paraguay	2005-01-01	0.56
Uruguay	2005-01-01	0.843
Venezuela	2005-01-01	2.4
Argentina	2005-02-01	0.733
Australia	2005-02-01	0.508
Brasil	2005-02-01	0.826
Canadá	2005-02-01	0.642
Chile	2005-02-01	0.73
Colombia	2005-02-01	0.116
Costa Rica	2005-02-01	0.972
Ecuador	2005-02-01	0.825
Estados Unidos	2005-02-01	0.914
Mexico	2005-02-01	0.907
Paraguay	2005-02-01	0.545
Uruguay	2005-02-01	0.867
Venezuela	2005-02-01	2.43
Argentina	2005-03-01	0.772
Australia	2005-03-01	0.487
Brasil	2005-03-01	0.781
Canadá	2005-03-01	0.48
Chile	2005-03-01	0.69
Colombia	2005-03-01	0.125
Costa Rica	2005-03-01	0.01
Ecuador	2005-03-01	0.857
Estados Unidos	2005-03-01	2.01
Mexico	2005-03-01	0.899
Paraguay	2005-03-01	0.523
Uruguay	2005-03-01	0.869
Venezuela	2005-03-01	2.49
Argentina	2005-04-01	0.766
Australia	2005-04-01	0.467
Brasil	2005-04-01	0.796
Canadá	2005-04-01	0.534
Chile	2005-04-01	0.7
Colombia	2005-04-01	0.153
Costa Rica	2005-04-01	0.079
Ecuador	2005-04-01	0.905
Estados Unidos	2005-04-01	2.039
Mexico	2005-04-01	0.91
Paraguay	2005-04-01	0.522
Uruguay	2005-04-01	0.858
Venezuela	2005-04-01	2.76
Argentina	2005-05-01	0.765
Australia	2005-05-01	0.418
Brasil	2005-05-01	0.814
Canadá	2005-05-01	0.402
Chile	2005-05-01	0.78
Colombia	2005-05-01	0.148
Costa Rica	2005-05-01	0.104
Ecuador	2005-05-01	0.905
Estados Unidos	2005-05-01	0.983
Mexico	2005-05-01	0.938
Paraguay	2005-05-01	0.531
Uruguay	2005-05-01	0.885
Venezuela	2005-05-01	2.88
Argentina	2005-06-01	0.773
Australia	2005-06-01	0.486
Brasil	2005-06-01	0.82
Canadá	2005-06-01	0.537
Chile	2005-06-01	0.89
Colombia	2005-06-01	0.159
Costa Rica	2005-06-01	0.197
Ecuador	2005-06-01	0.902
Estados Unidos	2005-06-01	0.839
Mexico	2005-06-01	0.973
Paraguay	2005-06-01	0.556
Uruguay	2005-06-01	0.924
Venezuela	2005-06-01	3.03
Argentina	2005-07-01	0.803
Australia	2005-07-01	0.599
Brasil	2005-07-01	0.82
Canadá	2005-07-01	0.621
Chile	2005-07-01	0.94
Colombia	2005-07-01	0.164
Costa Rica	2005-07-01	0.286
Ecuador	2005-07-01	0.785
Estados Unidos	2005-07-01	0.754
Mexico	2005-07-01	0.975
Paraguay	2005-07-01	0.561
Uruguay	2005-07-01	0.944
Venezuela	2005-07-01	3
Argentina	2005-08-01	0.802
Australia	2005-08-01	0.623
Brasil	2005-08-01	0.8
Canadá	2005-08-01	0.645
Chile	2005-08-01	0.98
Colombia	2005-08-01	0.147
Costa Rica	2005-08-01	0.221
Ecuador	2005-08-01	0.807
Estados Unidos	2005-08-01	0.763
Mexico	2005-08-01	0.957
Paraguay	2005-08-01	0.576
Uruguay	2005-08-01	0.95
Venezuela	2005-08-01	2.94
Argentina	2005-09-01	0.769
Australia	2005-09-01	0.73
Brasil	2005-09-01	0.801
Canadá	2005-09-01	0.599
Chile	2005-09-01	0.96
Colombia	2005-09-01	0.16
Costa Rica	2005-09-01	0.244
Ecuador	2005-09-01	0.77
Estados Unidos	2005-09-01	0.837
Mexico	2005-09-01	0.949
Paraguay	2005-09-01	0.583
Uruguay	2005-09-01	0.946
Venezuela	2005-09-01	2.85
Argentina	2005-10-01	0.786
Australia	2005-10-01	0.584
Brasil	2005-10-01	0.907
Canadá	2005-10-01	0.693
Chile	2005-10-01	0.98
Colombia	2005-10-01	0.152
Costa Rica	2005-10-01	0.291
Ecuador	2005-10-01	0.823
Estados Unidos	2005-10-01	0.907
Mexico	2005-10-01	0.937
Paraguay	2005-10-01	0.659
Uruguay	2005-10-01	0.935
Venezuela	2005-10-01	2.82
Argentina	2005-11-01	0.831
Australia	2005-11-01	0.463
Brasil	2005-11-01	0.932
Canadá	2005-11-01	0.762
Chile	2005-11-01	0.91
Colombia	2005-11-01	0.151
Costa Rica	2005-11-01	0.284
Ecuador	2005-11-01	0.91
Estados Unidos	2005-11-01	0.954
Mexico	2005-11-01	0.933
Paraguay	2005-11-01	0.675
Uruguay	2005-11-01	0.906
Venezuela	2005-11-01	2.82
Argentina	2005-12-01	0.783
Australia	2005-12-01	0.404
Brasil	2005-12-01	0.83
Canadá	2005-12-01	0.734
Chile	2005-12-01	0.95
Colombia	2005-12-01	0.149
Costa Rica	2005-12-01	0.263
Ecuador	2005-12-01	0.013
Estados Unidos	2005-12-01	2.05
Mexico	2005-12-01	0.959
Paraguay	2005-12-01	0.66
Uruguay	2005-12-01	0.881
Venezuela	2005-12-01	2.85
Argentina	2006-01-01	0.779
Australia	2006-01-01	0.394
Brasil	2006-01-01	0.804
Canadá	2006-01-01	0.853
Chile	2006-01-01	0.84
Colombia	2006-01-01	0.159
Costa Rica	2006-01-01	0.316
Ecuador	2006-01-01	0.049
Estados Unidos	2006-01-01	2.057
Mexico	2006-01-01	0.996
Paraguay	2006-01-01	0.673
Uruguay	2006-01-01	0.886
Venezuela	2006-01-01	2.85
Argentina	2006-02-01	0.818
Australia	2006-02-01	0.392
Brasil	2006-02-01	0.859
Canadá	2006-02-01	0.794
Chile	2006-02-01	0.88
Colombia	2006-02-01	0.184
Costa Rica	2006-02-01	0.315
Ecuador	2006-02-01	0.091
Estados Unidos	2006-02-01	0.971
Mexico	2006-02-01	2.001
Paraguay	2006-02-01	0.691
Uruguay	2006-02-01	0.921
Venezuela	2006-02-01	2.818
Argentina	2006-03-01	0.834
Australia	2006-03-01	0.38
Brasil	2006-03-01	0.85
Canadá	2006-03-01	0.772
Chile	2006-03-01	0.85
Colombia	2006-03-01	0.2
Costa Rica	2006-03-01	0.312
Ecuador	2006-03-01	0.082
Estados Unidos	2006-03-01	0.907
Mexico	2006-03-01	0.953
Paraguay	2006-03-01	0.718
Uruguay	2006-03-01	0.916
Venezuela	2006-03-01	2.916
Argentina	2006-04-01	0.769
Australia	2006-04-01	0.433
Brasil	2006-04-01	0.869
Canadá	2006-04-01	0.769
Chile	2006-04-01	0.84
Colombia	2006-04-01	0.178
Costa Rica	2006-04-01	0.283
Ecuador	2006-04-01	0.039
Estados Unidos	2006-04-01	0.848
Mexico	2006-04-01	0.901
Paraguay	2006-04-01	0.708
Uruguay	2006-04-01	0.902
Venezuela	2006-04-01	3.031
Argentina	2006-05-01	0.733
Australia	2006-05-01	0.466
Brasil	2006-05-01	0.831
Canadá	2006-05-01	0.797
Chile	2006-05-01	0.83
Colombia	2006-05-01	0.131
Costa Rica	2006-05-01	0.303
Ecuador	2006-05-01	0.982
Estados Unidos	2006-05-01	0.769
Mexico	2006-05-01	0.879
Paraguay	2006-05-01	0.72
Uruguay	2006-05-01	0.908
Venezuela	2006-05-01	3.106
Argentina	2006-06-01	0.689
Australia	2006-06-01	0.293
Brasil	2006-06-01	0.798
Canadá	2006-06-01	0.849
Chile	2006-06-01	0.86
Colombia	2006-06-01	0.099
Costa Rica	2006-06-01	0.302
Ecuador	2006-06-01	0.95
Estados Unidos	2006-06-01	0.79
Mexico	2006-06-01	0.825
Paraguay	2006-06-01	0.74
Uruguay	2006-06-01	0.96
Venezuela	2006-06-01	3.222
Argentina	2006-07-01	0.725
Australia	2006-07-01	0.499
Brasil	2006-07-01	0.847
Canadá	2006-07-01	0.77
Chile	2006-07-01	0.92
Colombia	2006-07-01	0.118
Costa Rica	2006-07-01	0.302
Ecuador	2006-07-01	0.918
Estados Unidos	2006-07-01	0.797
Mexico	2006-07-01	0.886
Paraguay	2006-07-01	0.782
Uruguay	2006-07-01	0.056
Venezuela	2006-07-01	3.353
Argentina	2006-08-01	0.741
Australia	2006-08-01	0.494
Brasil	2006-08-01	0.955
Canadá	2006-08-01	0.787
Chile	2006-08-01	0.03
Colombia	2006-08-01	0.176
Costa Rica	2006-08-01	0.297
Ecuador	2006-08-01	0.017
Estados Unidos	2006-08-01	0.864
Mexico	2006-08-01	0.799
Paraguay	2006-08-01	0.837
Uruguay	2006-08-01	0.095
Venezuela	2006-08-01	3.42
Argentina	2006-09-01	0.726
Australia	2006-09-01	0.396
Brasil	2006-09-01	0.003
Canadá	2006-09-01	0.783
Chile	2006-09-01	0.04
Colombia	2006-09-01	0.154
Costa Rica	2006-09-01	0.289
Ecuador	2006-09-01	0.047
Estados Unidos	2006-09-01	0.943
Mexico	2006-09-01	0.782
Paraguay	2006-09-01	0.877
Uruguay	2006-09-01	0.065
Venezuela	2006-09-01	3.622
Argentina	2006-10-01	0.742
Australia	2006-10-01	0.163
Brasil	2006-10-01	0.055
Canadá	2006-10-01	0.703
Chile	2006-10-01	0.01
Colombia	2006-10-01	0.184
Costa Rica	2006-10-01	0.275
Ecuador	2006-10-01	0.033
Estados Unidos	2006-10-01	0.924
Mexico	2006-10-01	0.796
Paraguay	2006-10-01	0.981
Uruguay	2006-10-01	0.063
Venezuela	2006-10-01	3.737
Argentina	2006-11-01	0.799
Australia	2006-11-01	0.152
Brasil	2006-11-01	0.916
Canadá	2006-11-01	0.662
Chile	2006-11-01	0.95
Colombia	2006-11-01	0.207
Costa Rica	2006-11-01	0.282
Ecuador	2006-11-01	0.042
Estados Unidos	2006-11-01	0.895
Mexico	2006-11-01	0.851
Paraguay	2006-11-01	0.988
Uruguay	2006-11-01	0.026
Venezuela	2006-11-01	3.727
Argentina	2006-12-01	0.773
Australia	2006-12-01	0.179
Brasil	2006-12-01	0.916
Canadá	2006-12-01	0.646
Chile	2006-12-01	0.85
Colombia	2006-12-01	0.255
Costa Rica	2006-12-01	0.282
Ecuador	2006-12-01	0.093
Estados Unidos	2006-12-01	0.888
Mexico	2006-12-01	0.941
Paraguay	2006-12-01	0.898
Uruguay	2006-12-01	0.982
Venezuela	2006-12-01	3.752
Argentina	2007-01-01	0.751
Australia	2007-01-01	0.244
Brasil	2007-01-01	0.923
Canadá	2007-01-01	0.65
Chile	2007-01-01	0.85
Colombia	2007-01-01	0.293
Costa Rica	2007-01-01	0.283
Ecuador	2007-01-01	0.18
Estados Unidos	2007-01-01	0.918
Mexico	2007-01-01	2
Paraguay	2007-01-01	0.949
Uruguay	2007-01-01	0.998
Venezuela	2007-01-01	3.972
Argentina	2007-02-01	0.753
Australia	2007-02-01	0.236
Brasil	2007-02-01	0.968
Canadá	2007-02-01	0.698
Chile	2007-02-01	0.87
Colombia	2007-02-01	0.308
Costa Rica	2007-02-01	0.284
Ecuador	2007-02-01	0.15
Estados Unidos	2007-02-01	0.97
Mexico	2007-02-01	2.001
Paraguay	2007-02-01	0.944
Uruguay	2007-02-01	0.003
Venezuela	2007-02-01	3.971
Argentina	2007-03-01	0.757
Australia	2007-03-01	0.39
Brasil	2007-03-01	0.986
Canadá	2007-03-01	0.87
Chile	2007-03-01	0.86
Colombia	2007-03-01	0.375
Costa Rica	2007-03-01	0.294
Ecuador	2007-03-01	0.118
Estados Unidos	2007-03-01	2.126
Mexico	2007-03-01	0.979
Paraguay	2007-03-01	0.859
Uruguay	2007-03-01	0.054
Venezuela	2007-03-01	3.942
Argentina	2007-04-01	0.773
Australia	2007-04-01	0.436
Brasil	2007-04-01	0.011
Canadá	2007-04-01	0.994
Chile	2007-04-01	0.89
Colombia	2007-04-01	0.599
Costa Rica	2007-04-01	0.322
Ecuador	2007-04-01	0.119
Estados Unidos	2007-04-01	2.168
Mexico	2007-04-01	0.999
Paraguay	2007-04-01	0.925
Uruguay	2007-04-01	0.072
Venezuela	2007-04-01	4.104
Argentina	2007-05-01	0.883
Australia	2007-05-01	0.475
Brasil	2007-05-01	0.035
Canadá	2007-05-01	2.062
Chile	2007-05-01	0.94
Colombia	2007-05-01	0.734
Costa Rica	2007-05-01	0.346
Ecuador	2007-05-01	0.098
Estados Unidos	2007-05-01	2.126
Mexico	2007-05-01	2.013
Paraguay	2007-05-01	0.872
Uruguay	2007-05-01	0.071
Venezuela	2007-05-01	4.259
Argentina	2007-06-01	0.86
Australia	2007-06-01	0.501
Brasil	2007-06-01	0.09
Canadá	2007-06-01	0.892
Chile	2007-06-01	0.01
Colombia	2007-06-01	0.742
Costa Rica	2007-06-01	0.369
Ecuador	2007-06-01	0.115
Estados Unidos	2007-06-01	0.991
Mexico	2007-06-01	2.04
Paraguay	2007-06-01	0.839
Uruguay	2007-06-01	0.078
Venezuela	2007-06-01	4.383
Argentina	2007-07-01	0.823
Australia	2007-07-01	0.64
Brasil	2007-07-01	0.203
Canadá	2007-07-01	0.847
Chile	2007-07-01	0.03
Colombia	2007-07-01	0.684
Costa Rica	2007-07-01	0.378
Ecuador	2007-07-01	0.106
Estados Unidos	2007-07-01	0.936
Mexico	2007-07-01	2.004
Paraguay	2007-07-01	0.927
Uruguay	2007-07-01	0.152
Venezuela	2007-07-01	4.41
Argentina	2007-08-01	0.834
Australia	2007-08-01	0.524
Brasil	2007-08-01	0.213
Canadá	2007-08-01	0.805
Chile	2007-08-01	0.19
Colombia	2007-08-01	0.583
Costa Rica	2007-08-01	0.372
Ecuador	2007-08-01	0.102
Estados Unidos	2007-08-01	0.998
Mexico	2007-08-01	0.973
Paraguay	2007-08-01	0.979
Uruguay	2007-08-01	0.196
Venezuela	2007-08-01	4.379
Argentina	2007-09-01	0.866
Australia	2007-09-01	0.428
Brasil	2007-09-01	0.192
Canadá	2007-09-01	0.825
Chile	2007-09-01	0.2
Colombia	2007-09-01	0.521
Costa Rica	2007-09-01	0.373
Ecuador	2007-09-01	0.111
Estados Unidos	2007-09-01	2.039
Mexico	2007-09-01	0.983
Paraguay	2007-09-01	0.057
Uruguay	2007-09-01	0.262
Venezuela	2007-09-01	0
Argentina	2007-10-01	0.904
Australia	2007-10-01	0.374
Brasil	2007-10-01	0.307
Canadá	2007-10-01	0.738
Chile	2007-10-01	0.09
Colombia	2007-10-01	0.631
Costa Rica	2007-10-01	0.365
Ecuador	2007-10-01	0.133
Estados Unidos	2007-10-01	0.998
Mexico	2007-10-01	2.034
Paraguay	2007-10-01	0.17
Uruguay	2007-10-01	0.242
Venezuela	2007-10-01	0
Argentina	2007-11-01	0.944
Australia	2007-11-01	0.436
Brasil	2007-11-01	0.509
Canadá	2007-11-01	0.731
Chile	2007-11-01	0.04
Colombia	2007-11-01	0.605
Costa Rica	2007-11-01	0.377
Ecuador	2007-11-01	0.152
Estados Unidos	2007-11-01	2.004
Mexico	2007-11-01	2.097
Paraguay	2007-11-01	0.268
Uruguay	2007-11-01	0.162
Venezuela	2007-11-01	4.316
Argentina	2007-12-01	0.931
Australia	2007-12-01	0.443
Brasil	2007-12-01	0.532
Canadá	2007-12-01	0.766
Chile	2007-12-01	0.07
Colombia	2007-12-01	0.651
Costa Rica	2007-12-01	0.419
Ecuador	2007-12-01	0.181
Estados Unidos	2007-12-01	2.018
Mexico	2007-12-01	2.101
Paraguay	2007-12-01	0.234
Uruguay	2007-12-01	0.11
Venezuela	2007-12-01	4.253
Argentina	2008-01-01	0.927
Australia	2008-01-01	0.462
Brasil	2008-01-01	0.479
Canadá	2008-01-01	0.732
Chile	2008-01-01	0.91
Colombia	2008-01-01	0.693
Costa Rica	2008-01-01	0.422
Ecuador	2008-01-01	0.235
Estados Unidos	2008-01-01	0.972
Mexico	2008-01-01	2.111
Paraguay	2008-01-01	0.3
Uruguay	2008-01-01	0.119
Venezuela	2008-01-01	5.235
Argentina	2008-02-01	0.962
Australia	2008-02-01	0.548
Brasil	2008-02-01	0.594
Canadá	2008-02-01	0.806
Chile	2008-02-01	0.01
Colombia	2008-02-01	0.742
Costa Rica	2008-02-01	0.428
Ecuador	2008-02-01	0.205
Estados Unidos	2008-02-01	0.979
Mexico	2008-02-01	2.163
Paraguay	2008-02-01	0.245
Uruguay	2008-02-01	0.231
Venezuela	2008-02-01	4.353
Argentina	2008-03-01	0.988
Australia	2008-03-01	0.561
Brasil	2008-03-01	0.645
Canadá	2008-03-01	0.833
Chile	2008-03-01	0.05
Colombia	2008-03-01	0.82
Costa Rica	2008-03-01	0.434
Ecuador	2008-03-01	0.221
Estados Unidos	2008-03-01	0.976
Mexico	2008-03-01	2.166
Paraguay	2008-03-01	0.279
Uruguay	2008-03-01	0.315
Venezuela	2008-03-01	4.31
Argentina	2008-04-01	0.965
Australia	2008-04-01	0.558
Brasil	2008-04-01	0.675
Canadá	2008-04-01	0.852
Chile	2008-04-01	0.24
Colombia	2008-04-01	0.87
Costa Rica	2008-04-01	0.436
Ecuador	2008-04-01	0.23
Estados Unidos	2008-04-01	0.969
Mexico	2008-04-01	2.221
Paraguay	2008-04-01	0.343
Uruguay	2008-04-01	0.343
Venezuela	2008-04-01	4.54
Argentina	2008-05-01	0.969
Australia	2008-05-01	0.639
Brasil	2008-05-01	0.784
Canadá	2008-05-01	0.942
Chile	2008-05-01	0.31
Colombia	2008-05-01	0.906
Costa Rica	2008-05-01	0.406
Ecuador	2008-05-01	0.253
Estados Unidos	2008-05-01	2.054
Mexico	2008-05-01	2.239
Paraguay	2008-05-01	0.316
Uruguay	2008-05-01	0.333
Venezuela	2008-05-01	4.85
Argentina	2008-06-01	0.016
Australia	2008-06-01	0.684
Brasil	2008-06-01	2.078
Canadá	2008-06-01	0.968
Chile	2008-06-01	0.39
Colombia	2008-06-01	0.928
Costa Rica	2008-06-01	0.403
Ecuador	2008-06-01	0.275
Estados Unidos	2008-06-01	2.072
Mexico	2008-06-01	2.277
Paraguay	2008-06-01	0.362
Uruguay	2008-06-01	0.503
Venezuela	2008-06-01	5.926
Argentina	2008-07-01	0.006
Australia	2008-07-01	0.773
Brasil	2008-07-01	2.144
Canadá	2008-07-01	2.08
Chile	2008-07-01	0.5
Colombia	2008-07-01	0.883
Costa Rica	2008-07-01	0.372
Ecuador	2008-07-01	0.256
Estados Unidos	2008-07-01	2.157
Mexico	2008-07-01	2.378
Paraguay	2008-07-01	0.508
Uruguay	2008-07-01	0.755
Venezuela	2008-07-01	5.873
Argentina	2008-08-01	0.005
Australia	2008-08-01	0.654
Brasil	2008-08-01	2.106
Canadá	2008-08-01	0.991
Chile	2008-08-01	0.6
Colombia	2008-08-01	0.782
Costa Rica	2008-08-01	0.32
Ecuador	2008-08-01	0.268
Estados Unidos	2008-08-01	2.161
Mexico	2008-08-01	2.383
Paraguay	2008-08-01	0.561
Uruguay	2008-08-01	2.01
Venezuela	2008-08-01	5.86
Argentina	2008-09-01	0.981
Australia	2008-09-01	0.449
Brasil	2008-09-01	0.851
Canadá	2008-09-01	0.946
Chile	2008-09-01	0.43
Colombia	2008-09-01	0.568
Costa Rica	2008-09-01	0.327
Ecuador	2008-09-01	0.243
Estados Unidos	2008-09-01	2.124
Mexico	2008-09-01	2.248
Paraguay	2008-09-01	0.545
Uruguay	2008-09-01	0.915
Venezuela	2008-09-01	5.641
Argentina	2008-10-01	0.921
Australia	2008-10-01	0.249
Brasil	2008-10-01	0.538
Canadá	2008-10-01	0.725
Chile	2008-10-01	0.04
Colombia	2008-10-01	0.426
Costa Rica	2008-10-01	0.315
Ecuador	2008-10-01	0.277
Estados Unidos	2008-10-01	0.928
Mexico	2008-10-01	0.885
Paraguay	2008-10-01	0.396
Uruguay	2008-10-01	0.581
Venezuela	2008-10-01	5.668
Argentina	2008-11-01	0.776
Australia	2008-11-01	0.151
Brasil	2008-11-01	0.435
Canadá	2008-11-01	0.691
Chile	2008-11-01	0.86
Colombia	2008-11-01	0.392
Costa Rica	2008-11-01	0.295
Ecuador	2008-11-01	0.284
Estados Unidos	2008-11-01	0.944
Mexico	2008-11-01	0.781
Paraguay	2008-11-01	0.221
Uruguay	2008-11-01	0.109
Venezuela	2008-11-01	5.373
Argentina	2008-12-01	0.743
Australia	2008-12-01	0.181
Brasil	2008-12-01	0.266
Canadá	2008-12-01	0.633
Chile	2008-12-01	0.79
Colombia	2008-12-01	0.477
Costa Rica	2008-12-01	0.29
Ecuador	2008-12-01	0.296
Estados Unidos	2008-12-01	0.91
Mexico	2008-12-01	0.798
Paraguay	2008-12-01	0.14
Uruguay	2008-12-01	0.961
Venezuela	2008-12-01	5.505
Argentina	2009-01-01	0.756
Australia	2009-01-01	0.145
Brasil	2009-01-01	0.318
Canadá	2009-01-01	0.668
Chile	2009-01-01	0.8
Colombia	2009-01-01	0.48
Costa Rica	2009-01-01	0.261
Ecuador	2009-01-01	0.319
Estados Unidos	2009-01-01	0.841
Mexico	2009-01-01	0.7
Paraguay	2009-01-01	0.053
Uruguay	2009-01-01	0.014
Venezuela	2009-01-01	5.17
Argentina	2009-02-01	0.843
Australia	2009-02-01	0.05
Brasil	2009-02-01	0.3
Canadá	2009-02-01	0.624
Chile	2009-02-01	0.9
Colombia	2009-02-01	0.335
Costa Rica	2009-02-01	0.249
Ecuador	2009-02-01	0.346
Estados Unidos	2009-02-01	0.772
Mexico	2009-02-01	0.597
Paraguay	2009-02-01	0.078
Uruguay	2009-02-01	0.069
Venezuela	2009-02-01	5.175
Argentina	2009-03-01	0.952
Australia	2009-03-01	0.144
Brasil	2009-03-01	0.236
Canadá	2009-03-01	0.666
Chile	2009-03-01	0.9
Colombia	2009-03-01	0.37
Costa Rica	2009-03-01	0.236
Ecuador	2009-03-01	0.333
Estados Unidos	2009-03-01	0.794
Mexico	2009-03-01	0.567
Paraguay	2009-03-01	0.928
Uruguay	2009-03-01	0.128
Venezuela	2009-03-01	5.217
Argentina	2009-04-01	0.892
Australia	2009-04-01	0.165
Brasil	2009-04-01	0.315
Canadá	2009-04-01	0.765
Chile	2009-04-01	0.98
Colombia	2009-04-01	0.47
Costa Rica	2009-04-01	0.238
Ecuador	2009-04-01	0.329
Estados Unidos	2009-04-01	0.909
Mexico	2009-04-01	0.717
Paraguay	2009-04-01	0.877
Uruguay	2009-04-01	0.089
Venezuela	2009-04-01	4.968
Argentina	2009-05-01	0.797
Australia	2009-05-01	0.266
Brasil	2009-05-01	0.396
Canadá	2009-05-01	0.797
Chile	2009-05-01	0.99
Colombia	2009-05-01	0.581
Costa Rica	2009-05-01	0.231
Ecuador	2009-05-01	0.317
Estados Unidos	2009-05-01	0.883
Mexico	2009-05-01	0.759
Paraguay	2009-05-01	0.931
Uruguay	2009-05-01	0.052
Venezuela	2009-05-01	4.988
Argentina	2009-06-01	0.804
Australia	2009-06-01	0.451
Brasil	2009-06-01	0.493
Canadá	2009-06-01	0.752
Chile	2009-06-01	0.07
Colombia	2009-06-01	0.631
Costa Rica	2009-06-01	0.238
Ecuador	2009-06-01	0.317
Estados Unidos	2009-06-01	0.813
Mexico	2009-06-01	0.862
Paraguay	2009-06-01	0.013
Uruguay	2009-06-01	0.119
Venezuela	2009-06-01	5.179
Argentina	2009-07-01	0.832
Australia	2009-07-01	0.532
Brasil	2009-07-01	0.532
Canadá	2009-07-01	0.721
Chile	2009-07-01	0.11
Colombia	2009-07-01	0.606
Costa Rica	2009-07-01	0.23
Ecuador	2009-07-01	0.318
Estados Unidos	2009-07-01	0.817
Mexico	2009-07-01	0.884
Paraguay	2009-07-01	0.113
Uruguay	2009-07-01	0.165
Venezuela	2009-07-01	5.541
Argentina	2009-08-01	0.83
Australia	2009-08-01	0.481
Brasil	2009-08-01	0.533
Canadá	2009-08-01	0.689
Chile	2009-08-01	0.12
Colombia	2009-08-01	0.547
Costa Rica	2009-08-01	0.223
Ecuador	2009-08-01	0.294
Estados Unidos	2009-08-01	0.815
Mexico	2009-08-01	0.952
Paraguay	2009-08-01	0.145
Uruguay	2009-08-01	0.217
Venezuela	2009-08-01	5.607
Argentina	2009-09-01	0.844
Australia	2009-09-01	0.558
Brasil	2009-09-01	0.56
Canadá	2009-09-01	0.566
Chile	2009-09-01	0.13
Colombia	2009-09-01	0.492
Costa Rica	2009-09-01	0.213
Ecuador	2009-09-01	0.275
Estados Unidos	2009-09-01	0.804
Mexico	2009-09-01	0.929
Paraguay	2009-09-01	0.17
Uruguay	2009-09-01	0.209
Venezuela	2009-09-01	5.64
Argentina	2009-10-01	0.868
Australia	2009-10-01	0.563
Brasil	2009-10-01	0.625
Canadá	2009-10-01	0.652
Chile	2009-10-01	0.07
Colombia	2009-10-01	0.485
Costa Rica	2009-10-01	0.212
Ecuador	2009-10-01	0.271
Estados Unidos	2009-10-01	0.77
Mexico	2009-10-01	0.892
Paraguay	2009-10-01	0.194
Uruguay	2009-10-01	0.223
Venezuela	2009-10-01	5.791
Argentina	2009-11-01	0.894
Australia	2009-11-01	0.427
Brasil	2009-11-01	0.591
Canadá	2009-11-01	0.633
Chile	2009-11-01	0.18
Colombia	2009-11-01	0.373
Costa Rica	2009-11-01	0.242
Ecuador	2009-11-01	0.287
Estados Unidos	2009-11-01	0.815
Mexico	2009-11-01	0.816
Paraguay	2009-11-01	0.157
Uruguay	2009-11-01	0.192
Venezuela	2009-11-01	5.696
Argentina	2009-12-01	0.99
Australia	2009-12-01	0.438
Brasil	2009-12-01	0.563
Canadá	2009-12-01	0.577
Chile	2009-12-01	0.1
Colombia	2009-12-01	0.322
Costa Rica	2009-12-01	0.227
Ecuador	2009-12-01	0.299
Estados Unidos	2009-12-01	0.772
Mexico	2009-12-01	0.813
Paraguay	2009-12-01	0.21
Uruguay	2009-12-01	0.182
Venezuela	2009-12-01	5.715
Argentina	2010-01-01	0.03
Australia	2010-01-01	0.571
Brasil	2010-01-01	0.566
Canadá	2010-01-01	0.707
Chile	2010-01-01	0.23
Colombia	2010-01-01	0.383
Costa Rica	2010-01-01	0.238
Ecuador	2010-01-01	0
Estados Unidos	2010-01-01	0.852
Mexico	2010-01-01	0.822
Paraguay	2010-01-01	0.28
Uruguay	2010-01-01	0.241
Venezuela	2010-01-01	5.69
Argentina	2010-02-01	0.341
Australia	2010-02-01	0.432
Brasil	2010-02-01	0.541
Canadá	2010-02-01	0.62
Chile	2010-02-01	0.22
Colombia	2010-02-01	0.406
Costa Rica	2010-02-01	0.265
Ecuador	2010-02-01	0
Estados Unidos	2010-02-01	0.905
Mexico	2010-02-01	0.867
Paraguay	2010-02-01	0.256
Uruguay	2010-02-01	0.309
Venezuela	2010-02-01	5.643
Argentina	2010-03-01	0.416
Australia	2010-03-01	0.665
Brasil	2010-03-01	0.63
Canadá	2010-03-01	0.872
Chile	2010-03-01	0.2
Colombia	2010-03-01	0.594
Costa Rica	2010-03-01	0.297
Ecuador	2010-03-01	0
Estados Unidos	2010-03-01	2.023
Mexico	2010-03-01	0.944
Paraguay	2010-03-01	0.199
Uruguay	2010-03-01	0.342
Venezuela	2010-03-01	5.973
Argentina	2010-04-01	0.54
Australia	2010-04-01	0.721
Brasil	2010-04-01	0.726
Canadá	2010-04-01	0.961
Chile	2010-04-01	0.19
Colombia	2010-04-01	0.609
Costa Rica	2010-04-01	0.357
Ecuador	2010-04-01	0
Estados Unidos	2010-04-01	2.184
Mexico	2010-04-01	2.013
Paraguay	2010-04-01	0.25
Uruguay	2010-04-01	0.349
Venezuela	2010-04-01	6.956
Argentina	2010-05-01	0.604
Australia	2010-05-01	0.608
Brasil	2010-05-01	0.641
Canadá	2010-05-01	0.953
Chile	2010-05-01	0.27
Colombia	2010-05-01	0.526
Costa Rica	2010-05-01	0.34
Ecuador	2010-05-01	0
Estados Unidos	2010-05-01	2.157
Mexico	2010-05-01	0.929
Paraguay	2010-05-01	0.227
Uruguay	2010-05-01	0.417
Venezuela	2010-05-01	7.181
Argentina	2010-06-01	0.579
Australia	2010-06-01	0.58
Brasil	2010-06-01	0.674
Canadá	2010-06-01	0.895
Chile	2010-06-01	0.3
Colombia	2010-06-01	0.519
Costa Rica	2010-06-01	0.302
Ecuador	2010-06-01	0
Estados Unidos	2010-06-01	2.042
Mexico	2010-06-01	0.938
Paraguay	2010-06-01	0.241
Uruguay	2010-06-01	0.458
Venezuela	2010-06-01	6.928
Argentina	2010-07-01	0.568
Australia	2010-07-01	0.659
Brasil	2010-07-01	0.751
Canadá	2010-07-01	0.895
Chile	2010-07-01	0.45
Colombia	2010-07-01	0.55
Costa Rica	2010-07-01	0.337
Ecuador	2010-07-01	0
Estados Unidos	2010-07-01	2.047
Mexico	2010-07-01	0.945
Paraguay	2010-07-01	0.349
Uruguay	2010-07-01	0.702
Venezuela	2010-07-01	6.979
Argentina	2010-08-01	0.564
Australia	2010-08-01	0.765
Brasil	2010-08-01	0.864
Canadá	2010-08-01	0.903
Chile	2010-08-01	0.51
Colombia	2010-08-01	0.589
Costa Rica	2010-08-01	0.366
Ecuador	2010-08-01	0
Estados Unidos	2010-08-01	2.09
Mexico	2010-08-01	0.965
Paraguay	2010-08-01	0.463
Uruguay	2010-08-01	0.765
Venezuela	2010-08-01	6.493
Argentina	2010-09-01	0.671
Australia	2010-09-01	0.806
Brasil	2010-09-01	2.003
Canadá	2010-09-01	0.918
Chile	2010-09-01	0.64
Colombia	2010-09-01	0.603
Costa Rica	2010-09-01	0.367
Ecuador	2010-09-01	0
Estados Unidos	2010-09-01	2.121
Mexico	2010-09-01	0.949
Paraguay	2010-09-01	0.49
Uruguay	2010-09-01	0.72
Venezuela	2010-09-01	6.525
Argentina	2010-10-01	0.948
Australia	2010-10-01	0.891
Brasil	2010-10-01	2.2
Canadá	2010-10-01	0.965
Chile	2010-10-01	0.65
Colombia	2010-10-01	0.576
Costa Rica	2010-10-01	0.375
Ecuador	2010-10-01	0.248
Estados Unidos	2010-10-01	2.124
Mexico	2010-10-01	2.013
Paraguay	2010-10-01	0.535
Uruguay	2010-10-01	0.715
Venezuela	2010-10-01	6.859
Argentina	2010-11-01	2.008
Australia	2010-11-01	0.983
Brasil	2010-11-01	2.431
Canadá	2010-11-01	2.005
Chile	2010-11-01	0.88
Colombia	2010-11-01	0.531
Costa Rica	2010-11-01	0.365
Ecuador	2010-11-01	0.281
Estados Unidos	2010-11-01	2.164
Mexico	2010-11-01	2.003
Paraguay	2010-11-01	0.604
Uruguay	2010-11-01	0.644
Venezuela	2010-11-01	6.818
Argentina	2010-12-01	0.93
Australia	2010-12-01	2.001
Brasil	2010-12-01	2.278
Canadá	2010-12-01	2.099
Chile	2010-12-01	0.73
Colombia	2010-12-01	0.525
Costa Rica	2010-12-01	0.385
Ecuador	2010-12-01	0.314
Estados Unidos	2010-12-01	2.223
Mexico	2010-12-01	2.005
Paraguay	2010-12-01	0.681
Uruguay	2010-12-01	0.583
Venezuela	2010-12-01	6.75
Argentina	2011-01-01	0.823
Australia	2011-01-01	2.055
Brasil	2011-01-01	2.266
Canadá	2011-01-01	2.214
Chile	2011-01-01	0.73
Colombia	2011-01-01	0.651
Costa Rica	2011-01-01	0.384
Ecuador	2011-01-01	0.315
Estados Unidos	2011-01-01	2.32
Mexico	2011-01-01	2.046
Paraguay	2011-01-01	0.797
Uruguay	2011-01-01	0.651
Venezuela	2011-01-01	7.425
Argentina	2011-02-01	0.958
Australia	2011-02-01	2.136
Brasil	2011-02-01	2.303
Canadá	2011-02-01	2.314
Chile	2011-02-01	0.76
Colombia	2011-02-01	0.606
Costa Rica	2011-02-01	0.451
Ecuador	2011-02-01	0
Estados Unidos	2011-02-01	2.377
Mexico	2011-02-01	2.01
Paraguay	2011-02-01	0.956
Uruguay	2011-02-01	0.805
Venezuela	2011-02-01	7.803
Argentina	2011-03-01	2.043
Australia	2011-03-01	2.23
Brasil	2011-03-01	2.333
Canadá	2011-03-01	2.377
Chile	2011-03-01	0.82
Colombia	2011-03-01	0.603
Costa Rica	2011-03-01	0.458
Ecuador	2011-03-01	0
Estados Unidos	2011-03-01	2.531
Mexico	2011-03-01	2.021
Paraguay	2011-03-01	0.98
Uruguay	2011-03-01	2.082
Venezuela	2011-03-01	8.108
Argentina	2011-04-01	0.959
Australia	2011-04-01	2.037
Brasil	2011-04-01	2.402
Canadá	2011-04-01	2.519
Chile	2011-04-01	0.74
Colombia	2011-04-01	0.651
Costa Rica	2011-04-01	0.482
Ecuador	2011-04-01	0
Estados Unidos	2011-04-01	2.681
Mexico	2011-04-01	2.076
Paraguay	2011-04-01	2.116
Uruguay	2011-04-01	2.096
Venezuela	2011-04-01	9.177
Argentina	2011-05-01	0.909
Australia	2011-05-01	0.743
Brasil	2011-05-01	2.276
Canadá	2011-05-01	2.361
Chile	2011-05-01	0.73
Colombia	2011-05-01	0.706
Costa Rica	2011-05-01	0.51
Ecuador	2011-05-01	0
Estados Unidos	2011-05-01	2.476
Mexico	2011-05-01	2.024
Paraguay	2011-05-01	0.966
Uruguay	2011-05-01	2.141
Venezuela	2011-05-01	9.453
Argentina	2011-06-01	0.996
Australia	2011-06-01	0.852
Brasil	2011-06-01	2.235
Canadá	2011-06-01	2.335
Chile	2011-06-01	0.74
Colombia	2011-06-01	0.716
Costa Rica	2011-06-01	0.541
Ecuador	2011-06-01	0.285
Estados Unidos	2011-06-01	2.41
Mexico	2011-06-01	0.979
Paraguay	2011-06-01	0.946
Uruguay	2011-06-01	2.133
Venezuela	2011-06-01	9.873
Argentina	2011-07-01	2.001
Australia	2011-07-01	0.82
Brasil	2011-07-01	2.32
Canadá	2011-07-01	2.316
Chile	2011-07-01	0.69
Colombia	2011-07-01	0.711
Costa Rica	2011-07-01	0.631
Ecuador	2011-07-01	0.265
Estados Unidos	2011-07-01	2.464
Mexico	2011-07-01	2.024
Paraguay	2011-07-01	2.054
Uruguay	2011-07-01	2.088
Venezuela	2011-07-01	10.015
Argentina	2011-08-01	2.065
Australia	2011-08-01	0.871
Brasil	2011-08-01	2.31
Canadá	2011-08-01	2.34
Chile	2011-08-01	0.89
Colombia	2011-08-01	0.665
Costa Rica	2011-08-01	0.642
Ecuador	2011-08-01	0.246
Estados Unidos	2011-08-01	2.494
Mexico	2011-08-01	0.836
Paraguay	2011-08-01	2.217
Uruguay	2011-08-01	2.101
Venezuela	2011-08-01	10.665
Argentina	2011-09-01	2.037
Australia	2011-09-01	2.021
Brasil	2011-09-01	2.119
Canadá	2011-09-01	2.297
Chile	2011-09-01	0.85
Colombia	2011-09-01	0.597
Costa Rica	2011-09-01	0.623
Ecuador	2011-09-01	0.252
Estados Unidos	2011-09-01	2.566
Mexico	2011-09-01	0.879
Paraguay	2011-09-01	2.034
Uruguay	2011-09-01	2.106
Venezuela	2011-09-01	10.97
Argentina	2011-10-01	2.042
Australia	2011-10-01	2.076
Brasil	2011-10-01	2.043
Canadá	2011-10-01	2.347
Chile	2011-10-01	0.7
Colombia	2011-10-01	0.55
Costa Rica	2011-10-01	0.63
Ecuador	2011-10-01	0.224
Estados Unidos	2011-10-01	2.653
Mexico	2011-10-01	0.859
Paraguay	2011-10-01	0.776
Uruguay	2011-10-01	2.023
Venezuela	2011-10-01	11.441
Argentina	2011-11-01	2.039
Australia	2011-11-01	0.976
Brasil	2011-11-01	2.213
Canadá	2011-11-01	2.446
Chile	2011-11-01	0.73
Colombia	2011-11-01	0.569
Costa Rica	2011-11-01	0.65
Ecuador	2011-11-01	0.224
Estados Unidos	2011-11-01	2.756
Mexico	2011-11-01	0.917
Paraguay	2011-11-01	0.613
Uruguay	2011-11-01	2.013
Venezuela	2011-11-01	12.26
Argentina	2011-12-01	0.979
Australia	2011-12-01	0.945
Brasil	2011-12-01	2.026
Canadá	2011-12-01	2.493
Chile	2011-12-01	0.48
Colombia	2011-12-01	0.57
Costa Rica	2011-12-01	0.668
Ecuador	2011-12-01	0.279
Estados Unidos	2011-12-01	2.692
Mexico	2011-12-01	2.194
Paraguay	2011-12-01	0.672
Uruguay	2011-12-01	0.909
Venezuela	2011-12-01	11.95
Argentina	2012-01-01	0.846
Australia	2012-01-01	0.975
Brasil	2012-01-01	2.004
Canadá	2012-01-01	2.561
Chile	2012-01-01	0.56
Colombia	2012-01-01	0.637
Costa Rica	2012-01-01	0.682
Ecuador	2012-01-01	0.326
Estados Unidos	2012-01-01	2.714
Mexico	2012-01-01	2.304
Paraguay	2012-01-01	0.443
Uruguay	2012-01-01	0.889
Venezuela	2012-01-01	12.1
Argentina	2012-02-01	2.054
Australia	2012-02-01	0.925
Brasil	2012-02-01	2.059
Canadá	2012-02-01	2.566
Chile	2012-02-01	0.82
Colombia	2012-02-01	0.703
Costa Rica	2012-02-01	0.707
Ecuador	2012-02-01	0.335
Estados Unidos	2012-02-01	2.751
Mexico	2012-02-01	2.419
Paraguay	2012-02-01	0.567
Uruguay	2012-02-01	0.934
Venezuela	2012-02-01	12.42
Argentina	2012-03-01	2.203
Australia	2012-03-01	0.886
Brasil	2012-03-01	0.92
Canadá	2012-03-01	2.61
Chile	2012-03-01	0.78
Colombia	2012-03-01	0.788
Costa Rica	2012-03-01	0.825
Ecuador	2012-03-01	0.33
Estados Unidos	2012-03-01	2.806
Mexico	2012-03-01	2.476
Paraguay	2012-03-01	0.485
Uruguay	2012-03-01	2.027
Venezuela	2012-03-01	12.751
Argentina	2012-04-01	2.186
Australia	2012-04-01	0.988
Brasil	2012-04-01	0.876
Canadá	2012-04-01	2.466
Chile	2012-04-01	0.63
Colombia	2012-04-01	0.821
Costa Rica	2012-04-01	0.932
Ecuador	2012-04-01	0.318
Estados Unidos	2012-04-01	2.723
Mexico	2012-04-01	2.403
Paraguay	2012-04-01	0.507
Uruguay	2012-04-01	0.978
Venezuela	2012-04-01	12.402
Argentina	2012-05-01	2.115
Australia	2012-05-01	0.983
Brasil	2012-05-01	0.715
Canadá	2012-05-01	2.327
Chile	2012-05-01	0.65
Colombia	2012-05-01	0.831
Costa Rica	2012-05-01	0.967
Ecuador	2012-05-01	0.314
Estados Unidos	2012-05-01	2.687
Mexico	2012-05-01	2.25
Paraguay	2012-05-01	0.445
Uruguay	2012-05-01	0.914
Venezuela	2012-05-01	12.96
Argentina	2012-06-01	2.148
Australia	2012-06-01	0.991
Brasil	2012-06-01	0.649
Canadá	2012-06-01	2.432
Chile	2012-06-01	0.62
Colombia	2012-06-01	0.861
Costa Rica	2012-06-01	0.999
Ecuador	2012-06-01	0.335
Estados Unidos	2012-06-01	2.669
Mexico	2012-06-01	2.196
Paraguay	2012-06-01	0.447
Uruguay	2012-06-01	0.854
Venezuela	2012-06-01	0
Argentina	2012-07-01	0.886
Australia	2012-07-01	0.942
Brasil	2012-07-01	0.652
Canadá	2012-07-01	2.35
Chile	2012-07-01	0.67
Colombia	2012-07-01	0.882
Costa Rica	2012-07-01	2.018
Ecuador	2012-07-01	0.313
Estados Unidos	2012-07-01	2.537
Mexico	2012-07-01	2.293
Paraguay	2012-07-01	0.476
Uruguay	2012-07-01	0.871
Venezuela	2012-07-01	0
Argentina	2012-08-01	0.85
Australia	2012-08-01	0.987
Brasil	2012-08-01	0.647
Canadá	2012-08-01	2.433
Chile	2012-08-01	0.79
Colombia	2012-08-01	0.827
Costa Rica	2012-08-01	2.009
Ecuador	2012-08-01	0.3
Estados Unidos	2012-08-01	2.614
Mexico	2012-08-01	2.347
Paraguay	2012-08-01	0.538
Uruguay	2012-08-01	0.942
Venezuela	2012-08-01	0
Argentina	2012-09-01	0.82
Australia	2012-09-01	2.021
Brasil	2012-09-01	0.747
Canadá	2012-09-01	2.406
Chile	2012-09-01	0.95
Colombia	2012-09-01	0.808
Costa Rica	2012-09-01	2.021
Ecuador	2012-09-01	0.298
Estados Unidos	2012-09-01	2.69
Mexico	2012-09-01	2.454
Paraguay	2012-09-01	0.513
Uruguay	2012-09-01	2.039
Venezuela	2012-09-01	0
Argentina	2012-10-01	0.786
Australia	2012-10-01	0.846
Brasil	2012-10-01	0.738
Canadá	2012-10-01	2.384
Chile	2012-10-01	0.73
Colombia	2012-10-01	0.791
Costa Rica	2012-10-01	2.03
Ecuador	2012-10-01	0.306
Estados Unidos	2012-10-01	2.72
Mexico	2012-10-01	2.54
Paraguay	2012-10-01	0.549
Uruguay	2012-10-01	2.085
Venezuela	2012-10-01	0
Argentina	2012-11-01	0.724
Australia	2012-11-01	0.741
Brasil	2012-11-01	0.736
Canadá	2012-11-01	2.488
Chile	2012-11-01	0.68
Colombia	2012-11-01	0.786
Costa Rica	2012-11-01	2.02
Ecuador	2012-11-01	0.343
Estados Unidos	2012-11-01	2.766
Mexico	2012-11-01	2.581
Paraguay	2012-11-01	0.653
Uruguay	2012-11-01	2.026
Venezuela	2012-11-01	0
Argentina	2012-12-01	0.747
Australia	2012-12-01	0.661
Brasil	2012-12-01	0.706
Canadá	2012-12-01	2.501
Chile	2012-12-01	0.56
Colombia	2012-12-01	0.786
Costa Rica	2012-12-01	2.01
Ecuador	2012-12-01	0.333
Estados Unidos	2012-12-01	2.715
Mexico	2012-12-01	2.594
Paraguay	2012-12-01	0.603
Uruguay	2012-12-01	0.987
Venezuela	2012-12-01	0
Argentina	2013-01-01	0.758
Australia	2013-01-01	0.412
Brasil	2013-01-01	0.772
Canadá	2013-01-01	2.532
Chile	2013-01-01	0.57
Colombia	2013-01-01	0.812
Costa Rica	2013-01-01	2.024
Ecuador	2013-01-01	0.38
Estados Unidos	2013-01-01	2.77
Mexico	2013-01-01	2.651
Paraguay	2013-01-01	0.547
Uruguay	2013-01-01	2.029
Venezuela	2013-01-01	0
Argentina	2013-02-01	0.935
Australia	2013-02-01	0.71
Brasil	2013-02-01	0.832
Canadá	2013-02-01	2.447
Chile	2013-02-01	0.46
Colombia	2013-02-01	0.853
Costa Rica	2013-02-01	2.023
Ecuador	2013-02-01	0.385
Estados Unidos	2013-02-01	2.733
Mexico	2013-02-01	2.651
Paraguay	2013-02-01	0.569
Uruguay	2013-02-01	2.047
Venezuela	2013-02-01	\N
Argentina	2013-03-01	0.833
Australia	2013-03-01	0.703
Brasil	2013-03-01	0.817
Canadá	2013-03-01	2.489
Chile	2013-03-01	0.62
Colombia	2013-03-01	0.874
Costa Rica	2013-03-01	2.02
Ecuador	2013-03-01	0.365
Estados Unidos	2013-03-01	2.791
Mexico	2013-03-01	2.629
Paraguay	2013-03-01	0.5
Uruguay	2013-03-01	2.052
Venezuela	2013-03-01	\N
Argentina	2013-04-01	0.81
Australia	2013-04-01	0.71
Brasil	2013-04-01	0.839
Canadá	2013-04-01	2.47
Chile	2013-04-01	0.5
Colombia	2013-04-01	0.852
Costa Rica	2013-04-01	2.027
Ecuador	2013-04-01	0.278
Estados Unidos	2013-04-01	2.804
Mexico	2013-04-01	2.754
Paraguay	2013-04-01	0.564
Uruguay	2013-04-01	2.014
Venezuela	2013-04-01	\N
Argentina	2013-05-01	1.739
Australia	2013-05-01	1.789
Brasil	2013-05-01	1.77
Canadá	2013-05-01	2.546
Chile	2013-05-01	1.54
Colombia	2013-05-01	1.897
Costa Rica	2013-05-01	2.024
Ecuador	2013-05-01	1.281
Estados Unidos	2013-05-01	2.796
Mexico	2013-05-01	2.76
Paraguay	2013-05-01	1.487
Uruguay	2013-05-01	1.993
Venezuela	2013-05-01	0
Argentina	2013-06-01	0.8
Australia	2013-06-01	0.6
Brasil	2013-06-01	0.68
Canadá	2013-06-01	2.55
Chile	2013-06-01	0.39
Colombia	2013-06-01	0.83
Costa Rica	2013-06-01	2.03
Ecuador	2013-06-01	0.38
Estados Unidos	2013-06-01	2.71
Mexico	2013-06-01	2.68
Paraguay	2013-06-01	0.56
Uruguay	2013-06-01	0.94
Venezuela	2013-06-01	2.3
Argentina	2013-07-01	0.71
Australia	2013-07-01	0.51
Brasil	2013-07-01	0.68
Canadá	2013-07-01	2.52
Chile	2013-07-01	0.47
Colombia	2013-07-01	0.76
Costa Rica	2013-07-01	2.06
Ecuador	2013-07-01	0.37
Estados Unidos	2013-07-01	2.66
Mexico	2013-07-01	2.65
Paraguay	2013-07-01	0.48
Uruguay	2013-07-01	0.96
Venezuela	2013-07-01	2.3
Argentina	2013-08-01	0.69
Australia	2013-08-01	0.64
Brasil	2013-08-01	0.62
Canadá	2013-08-01	2.57
Chile	2013-08-01	0.68
Colombia	2013-08-01	0.77
Costa Rica	2013-08-01	2.06
Ecuador	2013-08-01	0.36
Estados Unidos	2013-08-01	2.71
Mexico	2013-08-01	2.7
Paraguay	2013-08-01	0.54
Uruguay	2013-08-01	2.03
Venezuela	2013-08-01	2.25
Argentina	2013-09-01	0.61
Australia	2013-09-01	0.5
Brasil	2013-09-01	0.74
Canadá	2013-09-01	2.51
Chile	2013-09-01	0.67
Colombia	2013-09-01	0.75
Costa Rica	2013-09-01	2.04
Ecuador	2013-09-01	0.39
Estados Unidos	2013-09-01	2.75
Mexico	2013-09-01	2.73
Paraguay	2013-09-01	0.61
Uruguay	2013-09-01	0.93
Venezuela	2013-09-01	2.28
Argentina	2013-10-01	0.67
Australia	2013-10-01	0.55
Brasil	2013-10-01	0.83
Canadá	2013-10-01	2.52
Chile	2013-10-01	0.51
Colombia	2013-10-01	0.79
Costa Rica	2013-10-01	2.02
Ecuador	2013-10-01	0.39
Estados Unidos	2013-10-01	2.82
Mexico	2013-10-01	2.67
Paraguay	2013-10-01	0.75
Uruguay	2013-10-01	0.92
Venezuela	2013-10-01	2.4
Argentina	2013-11-01	0.87
Australia	2013-11-01	0.51
Brasil	2013-11-01	0.74
Canadá	2013-11-01	2.53
Chile	2013-11-01	0.54
Colombia	2013-11-01	0.74
Costa Rica	2013-11-01	2.01
Ecuador	2013-11-01	0.42
Estados Unidos	2013-11-01	2.88
Mexico	2013-11-01	2.49
Paraguay	2013-11-01	0.74
Uruguay	2013-11-01	0.84
Venezuela	2013-11-01	2.3
Argentina	2013-12-01	0.79
Australia	2013-12-01	0.46
Brasil	2013-12-01	0.77
Canadá	2013-12-01	2.55
Chile	2013-12-01	0.53
Colombia	2013-12-01	0.71
Costa Rica	2013-12-01	2.03
Ecuador	2013-12-01	0.46
Estados Unidos	2013-12-01	2.88
Mexico	2013-12-01	2.47
Paraguay	2013-12-01	0.68
Uruguay	2013-12-01	0.8
Venezuela	2013-12-01	2.3
Argentina	2014-01-01	0.74
Australia	2014-01-01	0.36
Brasil	2014-01-01	0.76
Canadá	2014-01-01	2.76
Chile	2014-01-01	0.54
Colombia	2014-01-01	0.71
Costa Rica	2014-01-01	2.03
Ecuador	2014-01-01	0.5
Estados Unidos	2014-01-01	3.1
Mexico	2014-01-01	2.47
Paraguay	2014-01-01	0.63
Uruguay	2014-01-01	0.8
Venezuela	2014-01-01	2.3
Argentina	2014-02-01	0.81
Australia	2014-02-01	0.36
Brasil	2014-02-01	0.83
Canadá	2014-02-01	2.72
Chile	2014-02-01	0.54
Colombia	2014-02-01	0.64
Costa Rica	2014-02-01	2
Ecuador	2014-02-01	0.53
Estados Unidos	2014-02-01	3.19
Mexico	2014-02-01	2.6
Paraguay	2014-02-01	0.61
Uruguay	2014-02-01	0.8
Venezuela	2014-02-01	2.3
Argentina	2014-03-01	0.847
Australia	2014-03-01	0.38
Brasil	2014-03-01	0.972
Canadá	2014-03-01	2.812
Chile	2014-03-01	0.43
Colombia	2014-03-01	0.664
Costa Rica	2014-03-01	2.003
Ecuador	2014-03-01	0.55
Estados Unidos	2014-03-01	3.191
Mexico	2014-03-01	2.597
Paraguay	2014-03-01	0.609
Uruguay	2014-03-01	0.804
Venezuela	2014-03-01	2.31
Argentina	2014-05-01	0.886
Australia	2014-05-01	0.628
Brasil	2014-05-01	2.04
Canadá	2014-05-01	3.013
Chile	2014-05-01	0.42
Colombia	2014-05-01	0.831
Costa Rica	2014-05-01	0.879
Ecuador	2014-05-01	0.6
Estados Unidos	2014-05-01	3.285
Mexico	2014-05-01	2.624
Paraguay	2014-05-01	0.61
Uruguay	2014-05-01	0.732
Venezuela	2014-05-01	2.66
Argentina	2014-06-01	0.853
Australia	2014-06-01	0.628
Brasil	2014-06-01	2.005
Canadá	2014-06-01	3.142
Chile	2014-06-01	0.41
Colombia	2014-06-01	0.875
Costa Rica	2014-06-01	0.981
Ecuador	2014-06-01	0.532
Estados Unidos	2014-06-01	3.238
Mexico	2014-06-01	2.664
Paraguay	2014-06-01	0.642
Uruguay	2014-06-01	0.765
Venezuela	2014-06-01	2.3
Argentina	2014-07-01	0.988
Australia	2014-07-01	0.677
Brasil	2014-07-01	0.982
Canadá	2014-07-01	3.394
Chile	2014-07-01	0.56
Colombia	2014-07-01	0.883
Costa Rica	2014-07-01	2.074
Ecuador	2014-07-01	0.6
Estados Unidos	2014-07-01	3.459
Mexico	2014-07-01	2.68
Paraguay	2014-07-01	0.844
Uruguay	2014-07-01	0.915
Venezuela	2014-07-01	0
Argentina	2014-08-01	2.044
Australia	2014-08-01	0.626
Brasil	2014-08-01	2.007
Canadá	2014-08-01	3.274
Chile	2014-08-01	0.58
Colombia	2014-08-01	0.818
Costa Rica	2014-08-01	2.068
Ecuador	2014-08-01	0.61
Estados Unidos	2014-08-01	3.43
Mexico	2014-08-01	2.64
Paraguay	2014-08-01	0.799
Uruguay	2014-08-01	0.998
Venezuela	2014-08-01	0
Argentina	2014-09-01	0.988
Australia	2014-09-01	0.672
Brasil	2014-09-01	2.052
Canadá	2014-09-01	3.191
Chile	2014-09-01	0.62
Colombia	2014-09-01	0.75
Costa Rica	2014-09-01	2.068
Ecuador	2014-09-01	0
Estados Unidos	2014-09-01	3.406
Mexico	2014-09-01	2.763
Paraguay	2014-09-01	0.747
Uruguay	2014-09-01	2.02
Venezuela	2014-09-01	0
Argentina	2014-10-01	0.824
Australia	2014-10-01	0.593
Brasil	2014-10-01	2.013
Canadá	2014-10-01	3.145
Chile	2014-10-01	0.52
Colombia	2014-10-01	0.65
Costa Rica	2014-10-01	2.092
Ecuador	2014-10-01	0
Estados Unidos	2014-10-01	3.568
Mexico	2014-10-01	2.772
Paraguay	2014-10-01	0.772
Uruguay	2014-10-01	0.996
Venezuela	2014-10-01	0
Argentina	2014-11-01	0.795
Australia	2014-11-01	0.458
Brasil	2014-11-01	2.074
Canadá	2014-11-01	3.345
Chile	2014-11-01	0.35
Colombia	2014-11-01	0.561
Costa Rica	2014-11-01	2.151
Ecuador	2014-11-01	0.53
Estados Unidos	2014-11-01	3.625
Mexico	2014-11-01	2.858
Paraguay	2014-11-01	0.774
Uruguay	2014-11-01	0.909
Venezuela	2014-11-01	0
Argentina	2014-12-01	0.777
Australia	2014-12-01	0.496
Brasil	2014-12-01	2.004
Canadá	2014-12-01	3.329
Chile	2014-12-01	0.26
Colombia	2014-12-01	0.444
Costa Rica	2014-12-01	2.16
Ecuador	2014-12-01	0.52
Estados Unidos	2014-12-01	3.607
Mexico	2014-12-01	2.702
Paraguay	2014-12-01	0.696
Uruguay	2014-12-01	0.897
Venezuela	2014-12-01	0
Argentina	2015-01-01	0.739
Australia	2015-01-01	0.639
Brasil	2015-01-01	0.988
Canadá	2015-01-01	3.399
Chile	2015-01-01	0.25
Colombia	2015-01-01	0.436
Costa Rica	2015-01-01	2.175
Ecuador	2015-01-01	0.707
Estados Unidos	2015-01-01	3.664
Mexico	2015-01-01	2.771
Paraguay	2015-01-01	0.672
Uruguay	2015-01-01	0.862
Venezuela	2015-01-01	0
Argentina	2015-02-01	0.87
Australia	2015-02-01	0.571
Brasil	2015-02-01	0.882
Canadá	2015-02-01	3.275
Chile	2015-02-01	0.4
Colombia	2015-02-01	0.422
Costa Rica	2015-02-01	2.181
Ecuador	2015-02-01	0.678
Estados Unidos	2015-02-01	3.52
Mexico	2015-02-01	2.857
Paraguay	2015-02-01	0.683
Uruguay	2015-02-01	0.791
Venezuela	2015-02-01	0
Argentina	2015-03-01	0.835
Australia	2015-03-01	0.651
Brasil	2015-03-01	0.718
Canadá	2015-03-01	3.417
Chile	2015-03-01	0.31
Colombia	2015-03-01	0.315
Costa Rica	2015-03-01	2.237
Ecuador	2015-03-01	0.63
Estados Unidos	2015-03-01	3.545
Mexico	2015-03-01	2.728
Paraguay	2015-03-01	0.598
Uruguay	2015-03-01	0.767
Venezuela	2015-03-01	0
Argentina	2015-04-01	0.824
Australia	2015-04-01	0.737
Brasil	2015-04-01	0.794
Canadá	2015-04-01	3.524
Chile	2015-04-01	0.39
Colombia	2015-04-01	0.406
Costa Rica	2015-04-01	2.368
Ecuador	2015-04-01	0.634
Estados Unidos	2015-04-01	3.611
Mexico	2015-04-01	2.726
Paraguay	2015-04-01	0.566
Uruguay	2015-04-01	0.676
Venezuela	2015-04-01	0
Argentina	2015-05-01	0.875
Australia	2015-05-01	0.747
Brasil	2015-05-01	0.815
Canadá	2015-05-01	3.558
Chile	2015-05-01	0.51
Colombia	2015-05-01	0.51
Costa Rica	2015-05-01	2.496
Ecuador	2015-05-01	0.609
Estados Unidos	2015-05-01	3.558
Mexico	2015-05-01	2.715
Paraguay	2015-05-01	0.489
Uruguay	2015-05-01	0.71
Venezuela	2015-05-01	0
Argentina	2015-06-01	0.901
Australia	2015-06-01	2.027
Brasil	2015-06-01	0.731
Canadá	2015-06-01	3.513
Chile	2015-06-01	0.5
Colombia	2015-06-01	0.408
Costa Rica	2015-06-01	2.531
Ecuador	2015-06-01	0.62
Estados Unidos	2015-06-01	3.411
Mexico	2015-06-01	2.69
Paraguay	2015-06-01	0.519
Uruguay	2015-06-01	0.795
Venezuela	2015-06-01	0
Argentina	2015-07-01	0.935
Australia	2015-07-01	2.134
Brasil	2015-07-01	0.639
Canadá	2015-07-01	3.305
Chile	2015-07-01	0.53
Colombia	2015-07-01	0.331
Costa Rica	2015-07-01	2.539
Ecuador	2015-07-01	0.53
Estados Unidos	2015-07-01	3.294
Mexico	2015-07-01	2.701
Paraguay	2015-07-01	0.531
Uruguay	2015-07-01	0.939
Venezuela	2015-07-01	0
Argentina	2015-08-01	0.955
Australia	2015-08-01	2.191
Brasil	2015-08-01	0.489
Canadá	2015-08-01	3.087
Chile	2015-08-01	0.58
Colombia	2015-08-01	0.22
Costa Rica	2015-08-01	2.556
Ecuador	2015-08-01	0.53
Estados Unidos	2015-08-01	3.262
Mexico	2015-08-01	2.657
Paraguay	2015-08-01	0.571
Uruguay	2015-08-01	2.084
Venezuela	2015-08-01	0
Argentina	2015-09-01	0.922
Australia	2015-09-01	2.314
Brasil	2015-09-01	0.375
Canadá	2015-09-01	2.94
Chile	2015-09-01	0.54
Colombia	2015-09-01	0.237
Costa Rica	2015-09-01	2.477
Ecuador	2015-09-01	0
Estados Unidos	2015-09-01	3.077
Mexico	2015-09-01	2.659
Paraguay	2015-09-01	0.345
Uruguay	2015-09-01	0.995
Venezuela	2015-09-01	0
Argentina	2015-10-01	2.008
Australia	2015-10-01	0.938
Brasil	2015-10-01	0.407
Canadá	2015-10-01	2.657
Chile	2015-10-01	0.49
Colombia	2015-10-01	0.315
Costa Rica	2015-10-01	2.398
Ecuador	2015-10-01	0
Estados Unidos	2015-10-01	2.75
Mexico	2015-10-01	2.676
Paraguay	2015-10-01	0.402
Uruguay	2015-10-01	0.907
Venezuela	2015-10-01	0
Argentina	2015-11-01	2.112
Australia	2015-11-01	2.119
Brasil	2015-11-01	0.442
Canadá	2015-11-01	2.637
Chile	2015-11-01	0.42
Colombia	2015-11-01	0.253
Costa Rica	2015-11-01	2.335
Ecuador	2015-11-01	0
Estados Unidos	2015-11-01	2.822
Mexico	2015-11-01	2.704
Paraguay	2015-11-01	0.38
Uruguay	2015-11-01	0.888
Venezuela	2015-11-01	0
Argentina	2015-12-01	2.176
Australia	2015-12-01	2.113
Brasil	2015-12-01	0.402
Canadá	2015-12-01	2.514
Chile	2015-12-01	0.26
Colombia	2015-12-01	0.137
Costa Rica	2015-12-01	2.338
Ecuador	2015-12-01	0
Estados Unidos	2015-12-01	2.622
Mexico	2015-12-01	2.59
Paraguay	2015-12-01	0.344
Uruguay	2015-12-01	0.754
Venezuela	2015-12-01	0
Argentina	2016-01-01	0.72
Australia	2016-01-01	2.37
Brasil	2016-01-01	0.44
Canadá	2016-01-01	2.56
Chile	2016-01-01	0.6
Colombia	2016-01-01	0.05
Costa Rica	2016-01-01	0
Ecuador	2016-01-01	0
Estados Unidos	2016-01-01	2.94
Mexico	2016-01-01	2.68
Paraguay	2016-01-01	0.4
Uruguay	2016-01-01	0.65
Venezuela	2016-01-01	0
Nueva Zelanda 	2016-01-01	0
Argentina	2016-02-01	0.58
Australia	2016-02-01	2.51
Brasil	2016-02-01	0.49
Canadá	2016-02-01	2.69
Chile	2016-02-01	0.59
Colombia	2016-02-01	0.04
Costa Rica	2016-02-01	0
Ecuador	2016-02-01	0
Estados Unidos	2016-02-01	2.94
Mexico	2016-02-01	2.54
Paraguay	2016-02-01	0.46
Uruguay	2016-02-01	0.58
Venezuela	2016-02-01	0
Nueva Zelanda 	2016-02-01	0
Argentina	2016-03-01	0.76
Australia	2016-03-01	2.62
Brasil	2016-03-01	0.57
Canadá	2016-03-01	2.74
Chile	2016-03-01	0.65
Colombia	2016-03-01	0.18
Costa Rica	2016-03-01	0
Ecuador	2016-03-01	0
Estados Unidos	2016-03-01	3.04
Mexico	2016-03-01	2.59
Paraguay	2016-03-01	0.49
Uruguay	2016-03-01	0.57
Venezuela	2016-03-01	0
Nueva Zelanda 	2016-03-01	0
Argentina	2016-04-01	0.9
Australia	2016-04-01	2.45
Brasil	2016-04-01	0.65
Canadá	2016-04-01	2.69
Chile	2016-04-01	0.73
Colombia	2016-04-01	0.21
Costa Rica	2016-04-01	0
Ecuador	2016-04-01	0
Estados Unidos	2016-04-01	2.78
Mexico	2016-04-01	2.67
Paraguay	2016-04-01	0.54
Uruguay	2016-04-01	0.45
Venezuela	2016-04-01	0
Nueva Zelanda 	2016-04-01	0
Argentina	2016-05-01	0.92
Australia	2016-05-01	2.43
Brasil	2016-05-01	0.66
Canadá	2016-05-01	2.58
Chile	2016-05-01	0.89
Colombia	2016-05-01	0.5
Costa Rica	2016-05-01	0
Ecuador	2016-05-01	0
Estados Unidos	2016-05-01	2.88
Mexico	2016-05-01	2.71
Paraguay	2016-05-01	0.54
Uruguay	2016-05-01	0.54
Venezuela	2016-05-01	0
Nueva Zelanda 	2016-05-01	0
Argentina	2016-06-01	0.98
Australia	2016-06-01	2.92
Brasil	2016-06-01	0.75
Canadá	2016-06-01	2.65
Chile	2016-06-01	0.91
Colombia	2016-06-01	0.53
Costa Rica	2016-06-01	0
Ecuador	2016-06-01	0
Estados Unidos	2016-06-01	2.65
Mexico	2016-06-01	2.51
Paraguay	2016-06-01	0.54
Uruguay	2016-06-01	0.6
Venezuela	2016-06-01	0
Nueva Zelanda 	2016-06-01	0
Argentina	2016-07-01	0.87
Australia	2016-07-01	3.03
Brasil	2016-07-01	0.85
Canadá	2016-07-01	2.55
Chile	2016-07-01	2.06
Colombia	2016-07-01	0.5
Costa Rica	2016-07-01	0
Ecuador	2016-07-01	0
Estados Unidos	2016-07-01	2.45
Mexico	2016-07-01	2.54
Paraguay	2016-07-01	0.62
Uruguay	2016-07-01	0.71
Venezuela	2016-07-01	0
Nueva Zelanda 	2016-07-01	0
Argentina	2016-08-01	0.93
Australia	2016-08-01	3.06
Brasil	2016-08-01	0.73
Canadá	2016-08-01	2.47
Chile	2016-08-01	2.08
Colombia	2016-08-01	0.52
Costa Rica	2016-08-01	0
Ecuador	2016-08-01	0
Estados Unidos	2016-08-01	2.59
Mexico	2016-08-01	2.43
Paraguay	2016-08-01	0.68
Uruguay	2016-08-01	0.68
Venezuela	2016-08-01	0
Nueva Zelanda 	2016-08-01	0
Argentina	2016-09-01	0.9
Australia	2016-09-01	3.13
Brasil	2016-09-01	0.63
Canadá	2016-09-01	2.21
Chile	2016-09-01	0.98
Colombia	2016-09-01	0.57
Costa Rica	2016-09-01	0
Ecuador	2016-09-01	0
Estados Unidos	2016-09-01	2.33
Mexico	2016-09-01	2.44
Paraguay	2016-09-01	0.75
Uruguay	2016-09-01	0.6
Venezuela	2016-09-01	0
Nueva Zelanda 	2016-09-01	0
Argentina	2016-10-01	0.82
Australia	2016-10-01	2.88
Brasil	2016-10-01	0.7
Canadá	2016-10-01	2.12
Chile	2016-10-01	0.91
Colombia	2016-10-01	0.46
Costa Rica	2016-10-01	0
Ecuador	2016-10-01	0
Estados Unidos	2016-10-01	2.18
Mexico	2016-10-01	2.3
Paraguay	2016-10-01	0.71
Uruguay	2016-10-01	0.56
Venezuela	2016-10-01	0
Nueva Zelanda 	2016-10-01	0
Argentina	2016-11-01	0.85
Australia	2016-11-01	2.7
Brasil	2016-11-01	0.61
Canadá	2016-11-01	2.04
Chile	2016-11-01	0.86
Colombia	2016-11-01	0.38
Costa Rica	2016-11-01	0
Ecuador	2016-11-01	0
Estados Unidos	2016-11-01	2.37
Mexico	2016-11-01	2.3
Paraguay	2016-11-01	0.79
Uruguay	2016-11-01	0.6
Venezuela	2016-11-01	0
Nueva Zelanda 	2016-11-01	0
Argentina	2016-12-01	0.91
Australia	2016-12-01	2.7
Brasil	2016-12-01	0.67
Canadá	2016-12-01	2.17
Chile	2016-12-01	0.8
Colombia	2016-12-01	0.43
Costa Rica	2016-12-01	0
Ecuador	2016-12-01	0
Estados Unidos	2016-12-01	2.53
Mexico	2016-12-01	2.1
Paraguay	2016-12-01	0.68
Uruguay	2016-12-01	0.57
Venezuela	2016-12-01	0
Nueva Zelanda 	2016-12-01	0
Argentina	2017-01-01	0.81
Australia	2017-01-01	2.78
Brasil	2017-01-01	0.74
Canadá	2017-01-01	\N
Chile	2017-01-01	0.92
Colombia	2017-01-01	0.43
Costa Rica	2017-01-01	\N
Ecuador	2017-01-01	\N
Estados Unidos	2017-01-01	2.68
Mexico	2017-01-01	2.16
Paraguay	2017-01-01	0.76
Uruguay	2017-01-01	0.58
Venezuela	2017-01-01	\N
Argentina	2017-02-01	0.82
Australia	2017-02-01	2.77
Brasil	2017-02-01	0.75
Canadá	2017-02-01	\N
Chile	2017-02-01	2
Colombia	2017-02-01	0.55
Costa Rica	2017-02-01	\N
Ecuador	2017-02-01	\N
Estados Unidos	2017-02-01	2.67
Mexico	2017-02-01	2.29
Paraguay	2017-02-01	0.76
Uruguay	2017-02-01	0.58
Venezuela	2017-02-01	\N
Argentina	2017-03-01	0.96
Australia	2017-03-01	2.14
Brasil	2017-03-01	0.73
Canadá	2017-03-01	\N
Chile	2017-03-01	0.95
Colombia	2017-03-01	0.59
Costa Rica	2017-03-01	\N
Ecuador	2017-03-01	\N
Estados Unidos	2017-03-01	2.88
Mexico	2017-03-01	2.49
Paraguay	2017-03-01	0.73
Uruguay	2017-03-01	0.49
Venezuela	2017-03-01	\N
Argentina	2017-04-01	0.98
Australia	2017-04-01	2.19
Brasil	2017-04-01	0.68
Canadá	2017-04-01	\N
Chile	2017-04-01	0.97
Colombia	2017-04-01	0.63
Costa Rica	2017-04-01	\N
Ecuador	2017-04-01	\N
Estados Unidos	2017-04-01	2.9
Mexico	2017-04-01	2.56
Paraguay	2017-04-01	0.76
Uruguay	2017-04-01	0.51
Venezuela	2017-04-01	\N
Argentina	2017-05-01	0.88
Australia	2017-05-01	2.02
Brasil	2017-05-01	0.65
Canadá	2017-05-01	\N
Chile	2017-05-01	0.92
Colombia	2017-05-01	0.61
Costa Rica	2017-05-01	\N
Ecuador	2017-05-01	\N
Estados Unidos	2017-05-01	2.95
Mexico	2017-05-01	2.57
Paraguay	2017-05-01	0.73
Uruguay	2017-05-01	0.57
Venezuela	2017-05-01	\N
Argentina	2017-06-01	0.84
Australia	2017-06-01	2.02
Brasil	2017-06-01	0.67
Canadá	2017-06-01	\N
Chile	2017-06-01	0.94
Colombia	2017-06-01	0.57
Costa Rica	2017-06-01	\N
Ecuador	2017-06-01	\N
Estados Unidos	2017-06-01	2.67
Mexico	2017-06-01	2.66
Paraguay	2017-06-01	0.62
Uruguay	2017-06-01	0.65
Venezuela	2017-06-01	\N
Argentina	2017-07-01	0.79
Australia	2017-07-01	2.1
Brasil	2017-07-01	0.63
Canadá	2017-07-01	\N
Chile	2017-07-01	\N
Colombia	2017-07-01	0.53
Costa Rica	2017-07-01	\N
Ecuador	2017-07-01	\N
Estados Unidos	2017-07-01	2.63
Mexico	2017-07-01	2.7
Paraguay	2017-07-01	0.73
Uruguay	2017-07-01	0.78
Venezuela	2017-07-01	\N
Argentina	2017-08-01	0.8
Australia	2017-08-01	2.01
Brasil	2017-08-01	0.65
Canadá	2017-08-01	\N
Chile	2017-08-01	\N
Colombia	2017-08-01	0.58
Costa Rica	2017-08-01	\N
Ecuador	2017-08-01	\N
Estados Unidos	2017-08-01	2.53
Mexico	2017-08-01	2.71
Paraguay	2017-08-01	0.75
Uruguay	2017-08-01	0.71
Venezuela	2017-08-01	\N
Argentina	2017-09-01	0.88
Australia	2017-09-01	0.96
Brasil	2017-09-01	0.64
Canadá	2017-09-01	\N
Chile	2017-09-01	\N
Colombia	2017-09-01	0.55
Costa Rica	2017-09-01	\N
Ecuador	2017-09-01	\N
Estados Unidos	2017-09-01	2.34
Mexico	2017-09-01	2.7
Paraguay	2017-09-01	0.75
Uruguay	2017-09-01	0.64
Venezuela	2017-09-01	\N
Argentina	2017-10-01	0.91
Australia	2017-10-01	0.947
Brasil	2017-10-01	0.6
Canadá	2017-10-01	\N
Chile	2017-10-01	2.12
Colombia	2017-10-01	0.57
Costa Rica	2017-10-01	\N
Ecuador	2017-10-01	\N
Estados Unidos	2017-10-01	2.42
Mexico	2017-10-01	2.56
Paraguay	2017-10-01	0.84
Uruguay	2017-10-01	0.67
Venezuela	2017-10-01	\N
Argentina	2017-11-01	0.9
Australia	2017-11-01	0.99
Brasil	2017-11-01	0.57
Canadá	2017-11-01	\N
Chile	2017-11-01	2.13
Colombia	2017-11-01	0.57
Costa Rica	2017-11-01	\N
Ecuador	2017-11-01	\N
Estados Unidos	2017-11-01	2.63
Mexico	2017-11-01	2.59
Paraguay	2017-11-01	0.88
Uruguay	2017-11-01	0.65
Venezuela	2017-11-01	\N
Argentina	2017-12-01	0.87
Australia	2017-12-01	0.92
Brasil	2017-12-01	0.58
Canadá	2017-12-01	\N
Chile	2017-12-01	\N
Colombia	2017-12-01	0.52
Costa Rica	2017-12-01	\N
Ecuador	2017-12-01	\N
Estados Unidos	2017-12-01	2.6
Mexico	2017-12-01	2.47
Paraguay	2017-12-01	0.8
Uruguay	2017-12-01	0.58
Venezuela	2017-12-01	\N
Argentina	2018-01-01	0.75
Australia	2018-01-01	0.95
Brasil	2018-01-01	0.52
Canadá	2018-01-01	\N
Chile	2018-01-01	2.06
Colombia	2018-01-01	0.64
Costa Rica	2018-01-01	\N
Ecuador	2018-01-01	\N
Estados Unidos	2018-01-01	2.68
Mexico	2018-01-01	2.59
Paraguay	2018-01-01	0.88
Uruguay	2018-01-01	0.65
Venezuela	2018-01-01	\N
Argentina	2018-02-01	0.67
Australia	2018-02-01	0.89
Brasil	2018-02-01	0.53
Canadá	2018-02-01	\N
Chile	2018-02-01	2.02
Colombia	2018-02-01	0.67
Costa Rica	2018-02-01	\N
Ecuador	2018-02-01	\N
Estados Unidos	2018-02-01	2.8
Mexico	2018-02-01	2.66
Paraguay	2018-02-01	0.93
Uruguay	2018-02-01	0.71
Venezuela	2018-02-01	\N
Argentina	2018-03-01	0.67
Australia	2018-03-01	0.91
Brasil	2018-03-01	0.43
Canadá	2018-03-01	\N
Chile	2018-03-01	2.01
Colombia	2018-03-01	0.68
Costa Rica	2018-03-01	\N
Ecuador	2018-03-01	\N
Estados Unidos	2018-03-01	2.77
Mexico	2018-03-01	2.69
Paraguay	2018-03-01	0.9
Uruguay	2018-03-01	0.67
Venezuela	2018-03-01	\N
Argentina	2018-04-01	0.65
Australia	2018-04-01	0.78
Brasil	2018-04-01	0.4
Canadá	2018-04-01	\N
Chile	2018-04-01	2.02
Colombia	2018-04-01	0.7
Costa Rica	2018-04-01	\N
Ecuador	2018-04-01	\N
Estados Unidos	2018-04-01	2.68
Mexico	2018-04-01	2.74
Paraguay	2018-04-01	0.9
Uruguay	2018-04-01	0.79
Venezuela	2018-04-01	\N
Argentina	2018-05-01	0.4
Australia	2018-05-01	0.81
Brasil	2018-05-01	0.37
Canadá	2018-05-01	\N
Chile	2018-05-01	0.94
Colombia	2018-05-01	0.58
Costa Rica	2018-05-01	\N
Ecuador	2018-05-01	\N
Estados Unidos	2018-05-01	2.53
Mexico	2018-05-01	2.6
Paraguay	2018-05-01	0.71
Uruguay	2018-05-01	0.87
Venezuela	2018-05-01	\N
Argentina	2018-06-01	0.33
Australia	2018-06-01	0.81
Brasil	2018-06-01	0.34
Canadá	2018-06-01	\N
Chile	2018-06-01	0.91
Colombia	2018-06-01	0.57
Costa Rica	2018-06-01	\N
Ecuador	2018-06-01	\N
Estados Unidos	2018-06-01	2.45
Mexico	2018-06-01	2.52
Paraguay	2018-06-01	0.71
Uruguay	2018-06-01	0.83
Venezuela	2018-06-01	\N
Argentina	2018-07-01	0.39
Australia	2018-07-01	0.93
Brasil	2018-07-01	0.31
Canadá	2018-07-01	\N
Chile	2018-07-01	0.91
Colombia	2018-07-01	0.57
Costa Rica	2018-07-01	\N
Ecuador	2018-07-01	\N
Estados Unidos	2018-07-01	2.43
Mexico	2018-07-01	2.71
Paraguay	2018-07-01	0.76
Uruguay	2018-07-01	0.84
Venezuela	2018-07-01	\N
Argentina	2018-08-01	0.36
Australia	2018-08-01	0.8
Brasil	2018-08-01	0.23
Canadá	2018-08-01	\N
Chile	2018-08-01	0.89
Colombia	2018-08-01	0.5
Costa Rica	2018-08-01	\N
Ecuador	2018-08-01	\N
Estados Unidos	2018-08-01	2.45
Mexico	2018-08-01	2.72
Paraguay	2018-08-01	0.77
Uruguay	2018-08-01	0.86
Venezuela	2018-08-01	\N
Argentina	2018-09-01	0.37
Australia	2018-09-01	0.83
Brasil	2018-09-01	0.07
Canadá	2018-09-01	\N
Chile	2018-09-01	0.85
Colombia	2018-09-01	0.37
Costa Rica	2018-09-01	\N
Ecuador	2018-09-01	\N
Estados Unidos	2018-09-01	2.43
Mexico	2018-09-01	2.22
Paraguay	2018-09-01	0.7
Uruguay	2018-09-01	0.74
Venezuela	2018-09-01	\N
Argentina	2018-10-01	0.46
Australia	2018-10-01	0.78
Brasil	2018-10-01	0.22
Canadá	2018-10-01	\N
Chile	2018-10-01	0.84
Colombia	2018-10-01	0.35
Costa Rica	2018-10-01	\N
Ecuador	2018-10-01	\N
Estados Unidos	2018-10-01	2.43
Mexico	2018-10-01	2.2
Paraguay	2018-10-01	0.69
Uruguay	2018-10-01	0.77
Venezuela	2018-10-01	\N
Argentina	2018-11-01	0.49
Australia	2018-11-01	0.89
Brasil	2018-11-01	0.25
Canadá	2018-11-01	\N
Chile	2018-11-01	0.81
Colombia	2018-11-01	0.32
Costa Rica	2018-11-01	\N
Ecuador	2018-11-01	\N
Estados Unidos	2018-11-01	2.51
Mexico	2018-11-01	2.2
Paraguay	2018-11-01	0.75
Uruguay	2018-11-01	0.74
Venezuela	2018-11-01	\N
Argentina	2018-12-01	0.41
Australia	2018-12-01	0.83
Brasil	2018-12-01	0.28
Canadá	2018-12-01	\N
Chile	2018-12-01	0.71
Colombia	2018-12-01	0.35
Costa Rica	2018-12-01	\N
Ecuador	2018-12-01	\N
Estados Unidos	2018-12-01	2.6
Mexico	2018-12-01	2.24
Paraguay	2018-12-01	0.7
Uruguay	2018-12-01	0.65
Venezuela	2018-12-01	\N
Argentina	2019-01-01	0.44
Australia	2019-01-01	0.76
Brasil	2019-01-01	0.37
Canadá	2019-01-01	\N
Chile	2019-01-01	0.69
Colombia	2019-01-01	0.37
Costa Rica	2019-01-01	\N
Ecuador	2019-01-01	\N
Estados Unidos	2019-01-01	2.71
Mexico	2019-01-01	2.73
Paraguay	2019-01-01	0.68
Uruguay	2019-01-01	0.71
Venezuela	2019-01-01	\N
Argentina	2019-02-01	0.59
Australia	2019-02-01	0.72
Brasil	2019-02-01	0.41
Canadá	2019-02-01	2.4
Chile	2019-02-01	0.69
Colombia	2019-02-01	0.37
Costa Rica	2019-02-01	0
Ecuador	2019-02-01	0
Estados Unidos	2019-02-01	2.74
Mexico	2019-02-01	2.74
Paraguay	2019-02-01	0.62
Uruguay	2019-02-01	0.72
Venezuela	2019-02-01	0
Argentina	2019-03-01	0.69
Australia	2019-03-01	0.7
Brasil	2019-03-01	0.35
Canadá	2019-03-01	2.34
Chile	2019-03-01	0.64
Colombia	2019-03-01	0.46
Costa Rica	2019-03-01	0
Ecuador	2019-03-01	0
Estados Unidos	2019-03-01	2.81
Mexico	2019-03-01	2.91
Paraguay	2019-03-01	0.56
Uruguay	2019-03-01	0.77
Venezuela	2019-03-01	0
Argentina	2019-04-01	0.59
Australia	2019-04-01	0.81
Brasil	2019-04-01	0.32
Canadá	2019-04-01	2.29
Chile	2019-04-01	0.69
Colombia	2019-04-01	0.45
Costa Rica	2019-04-01	0
Ecuador	2019-04-01	0
Estados Unidos	2019-04-01	2.79
Mexico	2019-04-01	2.18
Paraguay	2019-04-01	0.56
Uruguay	2019-04-01	0.81
Venezuela	2019-04-01	0
Nueva Zelanda 	2019-04-01	0.65
Argentina	2019-05-01	0.61
Australia	2019-05-01	0.79
Brasil	2019-05-01	0.33
Canadá	2019-05-01	2.43
Chile	2019-05-01	0.64
Colombia	2019-05-01	0.45
Costa Rica	2019-05-01	0
Ecuador	2019-05-01	0
Estados Unidos	2019-05-01	2.66
Mexico	2019-05-01	2.2
Paraguay	2019-05-01	0.54
Uruguay	2019-05-01	0.91
Venezuela	2019-05-01	0
Nueva Zelanda 	2019-05-01	0.63
Argentina	2019-06-01	0.68
Australia	2019-06-01	0.79
Brasil	2019-06-01	0.4
Canadá	2019-06-01	0
Chile	2019-06-01	0.69
Colombia	2019-06-01	0.48
Costa Rica	2019-06-01	0
Ecuador	2019-06-01	0
Estados Unidos	2019-06-01	2.5
Mexico	2019-06-01	2.16
Paraguay	2019-06-01	0.53
Uruguay	2019-06-01	2.14
Venezuela	2019-06-01	\N
Nueva Zelanda 	2019-06-01	0.68
Argentina	2019-07-01	0.73
Australia	2019-07-01	0.84
Brasil	2019-07-01	0.42
Canadá	2019-07-01	\N
Chile	2019-07-01	0.78
Colombia	2019-07-01	0.42
Costa Rica	2019-07-01	\N
Ecuador	2019-07-01	\N
Estados Unidos	2019-07-01	2.46
Mexico	2019-07-01	2.13
Paraguay	2019-07-01	0.46
Uruguay	2019-07-01	2.19
Venezuela	2019-07-01	\N
Nueva Zelanda 	2019-07-01	0.77
Argentina	2019-08-01	0.45
Australia	2019-08-01	0.86
Brasil	2019-08-01	0.32
Canadá	2019-08-01	\N
Chile	2019-08-01	\N
Colombia	2019-08-01	0.27
Costa Rica	2019-08-01	\N
Ecuador	2019-08-01	\N
Estados Unidos	2019-08-01	2.44
Mexico	2019-08-01	2.37
Paraguay	2019-08-01	0.48
Uruguay	2019-08-01	2.18
Venezuela	2019-08-01	\N
Nueva Zelanda 	2019-08-01	0.76
Argentina	2019-09-01	0.38
Australia	2019-09-01	0.86
Brasil	2019-09-01	0.19
Canadá	2019-09-01	\N
Chile	2019-09-01	0.81
Colombia	2019-09-01	0.3
Costa Rica	2019-09-01	\N
Ecuador	2019-09-01	\N
Estados Unidos	2019-09-01	2.26
Mexico	2019-09-01	2.3
Paraguay	2019-09-01	0.51
Uruguay	2019-09-01	2.19
Venezuela	2019-09-01	\N
Nueva Zelanda 	2019-09-01	0.76
Argentina	2019-10-01	0.31
Australia	2019-10-01	0.82
Brasil	2019-10-01	0.21
Canadá	2019-10-01	\N
Chile	2019-10-01	0.82
Colombia	2019-10-01	0.25
Costa Rica	2019-10-01	\N
Ecuador	2019-10-01	\N
Estados Unidos	2019-10-01	2.37
Mexico	2019-10-01	2.07
Paraguay	2019-10-01	0.51
Uruguay	2019-10-01	2.28
Venezuela	2019-10-01	\N
Nueva Zelanda 	2019-10-01	0.78
Argentina	2019-11-01	0.4
Australia	2019-11-01	0.81
Brasil	2019-11-01	0.43
Canadá	2019-11-01	2.18
Chile	2019-11-01	0.65
Colombia	2019-11-01	0.25
Costa Rica	2019-11-01	0
Ecuador	2019-11-01	0
Estados Unidos	2019-11-01	2.5
Mexico	2019-11-01	2.34
Paraguay	2019-11-01	0.55
Uruguay	2019-11-01	2.32
Venezuela	2019-11-01	0
Nueva Zelanda 	2019-11-01	0.87
Argentina	2019-12-01	0.44
Australia	2019-12-01	0.74
Brasil	2019-12-01	0.69
Canadá	2019-12-01	2.2
Chile	2019-12-01	0.64
Colombia	2019-12-01	0.26
Costa Rica	2019-12-01	0
Ecuador	2019-12-01	0
Estados Unidos	2019-12-01	2.64
Mexico	2019-12-01	2.38
Paraguay	2019-12-01	0.57
Uruguay	2019-12-01	2.2
Venezuela	2019-12-01	0
Nueva Zelanda 	2019-12-01	0.91
Argentina	2020-01-01	0.55
Australia	2020-01-01	0.82
Brasil	2020-01-01	0.61
Canadá	2020-01-01	2.39
Chile	2020-01-01	0.63
Colombia	2020-01-01	0.28
Costa Rica	2020-01-01	0
Ecuador	2020-01-01	0
Estados Unidos	2020-01-01	2.74
Mexico	2020-01-01	2.25
Paraguay	2020-01-01	0.6
Uruguay	2020-01-01	0.95
Venezuela	2020-01-01	0
Nueva Zelanda 	2020-01-01	0.64
Argentina	2020-02-01	0.58
Australia	2020-02-01	0.99
Brasil	2020-02-01	0.56
Canadá	2020-02-01	2.37
Chile	2020-02-01	0.43
Colombia	2020-02-01	0.26
Costa Rica	2020-02-01	0
Ecuador	2020-02-01	0
Estados Unidos	2020-02-01	2.65
Mexico	2020-02-01	2.03
Paraguay	2020-02-01	0.62
Uruguay	2020-02-01	0.92
Venezuela	2020-02-01	0
Nueva Zelanda 	2020-02-01	0.51
Argentina	2020-03-01	0.58
Australia	2020-03-01	2.03
Brasil	2020-03-01	0.4
Canadá	2020-03-01	2.26
Chile	2020-03-01	0.41
Colombia	2020-03-01	0.14
Costa Rica	2020-03-01	0
Ecuador	2020-03-01	0
Estados Unidos	2020-03-01	2.47
Mexico	2020-03-01	2.03
Paraguay	2020-03-01	0.53
Uruguay	2020-03-01	0.9
Venezuela	2020-03-01	0
Nueva Zelanda 	2020-03-01	0.34
Argentina	2020-04-01	0.44
Australia	2020-04-01	2.03
Brasil	2020-04-01	0.21
Canadá	2020-04-01	2.15
Chile	2020-04-01	0.37
Colombia	2020-04-01	0.18
Costa Rica	2020-04-01	0
Ecuador	2020-04-01	0
Estados Unidos	2020-04-01	2.35
Mexico	2020-04-01	0.76
Paraguay	2020-04-01	0.21
Uruguay	2020-04-01	0.7
Venezuela	2020-04-01	0
Nueva Zelanda 	2020-04-01	0.33
Argentina	2020-05-01	0.4
Australia	2020-05-01	\N
Brasil	2020-05-01	0.12
Canadá	2020-05-01	2.19
Chile	2020-05-01	0
Colombia	2020-05-01	0.2
Costa Rica	2020-05-01	0
Ecuador	2020-05-01	0
Estados Unidos	2020-05-01	2.38
Mexico	2020-05-01	0.88
Paraguay	2020-05-01	0.11
Uruguay	2020-05-01	0.83
Venezuela	2020-05-01	0
Nueva Zelanda 	2020-05-01	0.37
Argentina	2020-06-01	0.42
Australia	2020-06-01	2.37
Brasil	2020-06-01	0.33
Canadá	2020-06-01	2.54
Chile	2020-06-01	0.59
Colombia	2020-06-01	0.28
Costa Rica	2020-06-01	0
Ecuador	2020-06-01	0
Estados Unidos	2020-06-01	2.38
Mexico	2020-06-01	0.98
Paraguay	2020-06-01	0.21
Uruguay	2020-06-01	0.76
Venezuela	2020-06-01	0
Nueva Zelanda 	2020-06-01	0.52
Argentina	2020-07-01	0.51
Australia	2020-07-01	2.33
Brasil	2020-07-01	0.43
Canadá	2020-07-01	2.35
Chile	2020-07-01	0.72
Colombia	2020-07-01	0.3
Costa Rica	2020-07-01	0
Ecuador	2020-07-01	0
Estados Unidos	2020-07-01	2.12
Mexico	2020-07-01	2.06
Paraguay	2020-07-01	0.35
Uruguay	2020-07-01	0.83
Venezuela	2020-07-01	0
Nueva Zelanda 	2020-07-01	0.6
Argentina	2020-08-01	0.6
Australia	2020-08-01	2.45
Brasil	2020-08-01	0.29
Canadá	2020-08-01	2.35
Chile	2020-08-01	0.98
Colombia	2020-08-01	0.27
Costa Rica	2020-08-01	0
Ecuador	2020-08-01	0
Estados Unidos	2020-08-01	2.26
Mexico	2020-08-01	2.03
Paraguay	2020-08-01	0.31
Uruguay	2020-08-01	0.84
Venezuela	2020-08-01	0
Nueva Zelanda 	2020-08-01	0.62
Argentina	2020-09-01	0.58
Australia	2020-09-01	2.45
Brasil	2020-09-01	0.31
Canadá	2020-09-01	2.36
Chile	2020-09-01	2.31
Colombia	2020-09-01	0.3
Costa Rica	2020-09-01	0
Ecuador	2020-09-01	0
Estados Unidos	2020-09-01	2.27
Mexico	2020-09-01	2.05
Paraguay	2020-09-01	0.46
Uruguay	2020-09-01	0.82
Venezuela	2020-09-01	0
Nueva Zelanda 	2020-09-01	0.67
Argentina	2020-10-01	0.52
Australia	2020-10-01	2.49
Brasil	2020-10-01	0.37
Canadá	2020-10-01	2.27
Chile	2020-10-01	2.28
Colombia	2020-10-01	0.27
Costa Rica	2020-10-01	0
Ecuador	2020-10-01	0
Estados Unidos	2020-10-01	2.35
Mexico	2020-10-01	2.14
Paraguay	2020-10-01	0.56
Uruguay	2020-10-01	0.76
Venezuela	2020-10-01	0
Nueva Zelanda 	2020-10-01	0.66
Argentina	2020-11-01	0.59
Australia	2020-11-01	2.68
Brasil	2020-11-01	0.57
Canadá	2020-11-01	2.27
Chile	2020-11-01	2.29
Colombia	2020-11-01	0.33
Costa Rica	2020-11-01	0
Ecuador	2020-11-01	0
Estados Unidos	2020-11-01	2.36
Mexico	2020-11-01	2.05
Paraguay	2020-11-01	0.62
Uruguay	2020-11-01	0.6
Venezuela	2020-11-01	0
Nueva Zelanda 	2020-11-01	0.7
Argentina	2020-12-01	0.86
Australia	2020-12-01	2.63
Brasil	2020-12-01	0.67
Canadá	2020-12-01	2.23
Chile	2020-12-01	2.29
Colombia	2020-12-01	0.41
Costa Rica	2020-12-01	0
Ecuador	2020-12-01	0
Estados Unidos	2020-12-01	2.39
Mexico	2020-12-01	2.2
Paraguay	2020-12-01	0.51
Uruguay	2020-12-01	0.67
Venezuela	2020-12-01	0
Nueva Zelanda 	2020-12-01	0.69
Argentina	2021-01-01	0.97
Australia	2021-01-01	2.83
Brasil	2021-01-01	0.64
Canadá	2021-01-01	2.44
Chile	2021-01-01	2.18
Colombia	2021-01-01	0.44
Costa Rica	2021-01-01	0
Ecuador	2021-01-01	0
Estados Unidos	2021-01-01	2.43
Mexico	2021-01-01	2.22
Paraguay	2021-01-01	0.62
Uruguay	2021-01-01	0.71
Venezuela	2021-01-01	0
Nueva Zelanda 	2021-01-01	0.66
Argentina	2021-02-01	2.01
Australia	2021-02-01	2.92
Brasil	2021-02-01	0.75
Canadá	2021-02-01	2.44
Chile	2021-02-01	2.17
Colombia	2021-02-01	0.45
Costa Rica	2021-02-01	0
Ecuador	2021-02-01	0
Estados Unidos	2021-02-01	2.5
Mexico	2021-02-01	2.14
Paraguay	2021-02-01	0.77
Uruguay	2021-02-01	0.82
Venezuela	2021-02-01	0
Nueva Zelanda 	2021-02-01	0.67
Argentina	2021-03-01	2.08
Australia	2021-03-01	2.8
Brasil	2021-03-01	0.72
Canadá	2021-03-01	2.51
Chile	2021-03-01	2.21
Colombia	2021-03-01	0.53
Costa Rica	2021-03-01	0
Ecuador	2021-03-01	0
Estados Unidos	2021-03-01	2.51
Mexico	2021-03-01	2.21
Paraguay	2021-03-01	0.83
Uruguay	2021-03-01	0.92
Venezuela	2021-03-01	0
Nueva Zelanda 	2021-03-01	0.62
Argentina	2021-04-01	2.09
Australia	2021-04-01	2.88
Brasil	2021-04-01	0.75
Canadá	2021-04-01	2.53
Chile	2021-04-01	2.4
Colombia	2021-04-01	0.69
Costa Rica	2021-04-01	0
Ecuador	2021-04-01	0
Estados Unidos	2021-04-01	2.66
Mexico	2021-04-01	2.28
Paraguay	2021-04-01	0.84
Uruguay	2021-04-01	0.95
Venezuela	2021-04-01	0
Nueva Zelanda 	2021-04-01	0.65
Argentina	2021-05-01	2.12
Australia	2021-05-01	2.86
Brasil	2021-05-01	0.97
Canadá	2021-05-01	2.67
Chile	2021-05-01	2.6
Colombia	2021-05-01	0.75
Costa Rica	2021-05-01	0
Ecuador	2021-05-01	0
Estados Unidos	2021-05-01	2.62
Mexico	2021-05-01	2.42
Paraguay	2021-05-01	0.88
Uruguay	2021-05-01	2.11
Venezuela	2021-05-01	0
Nueva Zelanda 	2021-05-01	0.72
Argentina	2021-06-01	0.81
Australia	2021-06-01	2.83
Brasil	2021-06-01	2.17
Canadá	2021-06-01	2.85
Chile	2021-06-01	2.69
Colombia	2021-06-01	0.81
Costa Rica	2021-06-01	0
Ecuador	2021-06-01	0
Estados Unidos	2021-06-01	2.65
Mexico	2021-06-01	2.37
Paraguay	2021-06-01	0.89
Uruguay	2021-06-01	2.15
Venezuela	2021-06-01	0
Nueva Zelanda 	2021-06-01	0.82
Argentina	2021-07-01	2.04
Australia	2021-07-01	2.91
Brasil	2021-07-01	2.16
Canadá	2021-07-01	2.83
Chile	2021-07-01	2.73
Colombia	2021-07-01	0.71
Costa Rica	2021-07-01	0
Ecuador	2021-07-01	0
Estados Unidos	2021-07-01	2.71
Mexico	2021-07-01	0
Paraguay	2021-07-01	0.95
Uruguay	2021-07-01	2.26
Venezuela	2021-07-01	0
Nueva Zelanda 	2021-07-01	0.91
Argentina	2021-08-01	2.05
Australia	2021-08-01	2.95
Brasil	2021-08-01	0.99
Canadá	2021-08-01	2.7
Chile	2021-08-01	2.97
Colombia	2021-08-01	0.71
Costa Rica	2021-08-01	0
Ecuador	2021-08-01	0
Estados Unidos	2021-08-01	2.72
Mexico	2021-08-01	2.59
Paraguay	2021-08-01	2.08
Uruguay	2021-08-01	2.36
Venezuela	2021-08-01	0
Nueva Zelanda 	2021-08-01	0.99
Argentina	2021-09-01	2.08
Australia	2021-09-01	3.01
Brasil	2021-09-01	0.98
Canadá	2021-09-01	2.79
Chile	2021-09-01	0
Colombia	2021-09-01	0.76
Costa Rica	2021-09-01	0
Ecuador	2021-09-01	0
Estados Unidos	2021-09-01	2.75
Mexico	2021-09-01	2.5
Paraguay	2021-09-01	2.2
Uruguay	2021-09-01	2.37
Venezuela	2021-09-01	0
Nueva Zelanda 	2021-09-01	2.03
Argentina	2021-10-01	2.14
Australia	2021-10-01	3.2
Brasil	2021-10-01	0.8
Canadá	2021-10-01	2.82
Chile	2021-10-01	2.71
Colombia	2021-10-01	0.8
Costa Rica	2021-10-01	0
Ecuador	2021-10-01	0
Estados Unidos	2021-10-01	2.72
Mexico	2021-10-01	2.6
Paraguay	2021-10-01	0.97
Uruguay	2021-10-01	2.51
Venezuela	2021-10-01	0
Nueva Zelanda 	2021-10-01	2.12
Argentina	2021-11-01	2.42
Australia	2021-11-01	3.21
Brasil	2021-11-01	0.8
Canadá	2021-11-01	2.84
Chile	2021-11-01	2.57
Colombia	2021-11-01	0.8
Costa Rica	2021-11-01	0
Ecuador	2021-11-01	0
Estados Unidos	2021-11-01	2.86
Mexico	2021-11-01	2.06
Paraguay	2021-11-01	2.02
Uruguay	2021-11-01	2.24
Venezuela	2021-11-01	0
Nueva Zelanda 	2021-11-01	2.14
Argentina	2021-12-01	2.55
Australia	2021-12-01	3.37
Brasil	2021-12-01	0.92
Canadá	2021-12-01	2.85
Chile	2021-12-01	2.31
Colombia	2021-12-01	0.72
Costa Rica	2021-12-01	0
Ecuador	2021-12-01	0
Estados Unidos	2021-12-01	3.04
Mexico	2021-12-01	2.24
Paraguay	2021-12-01	2.09
Uruguay	2021-12-01	2.32
Venezuela	2021-12-01	0
Nueva Zelanda 	2021-12-01	2.04
Argentina	2022-01-01	2.57
Australia	2022-01-01	3.2
Brasil	2022-01-01	0.99
Canadá	2022-01-01	2.99
Chile	2022-01-01	2.26
Colombia	2022-01-01	0.76
Costa Rica	2022-01-01	0
Ecuador	2022-01-01	0
Estados Unidos	2022-01-01	3.04
Mexico	2022-01-01	2.43
Paraguay	2022-01-01	2.07
Uruguay	2022-01-01	2.39
Venezuela	2022-01-01	0
Nueva Zelanda 	2022-01-01	2
Argentina	2022-02-01	2.61
Australia	2022-02-01	3.31
Brasil	2022-02-01	2.09
Canadá	2022-02-01	3.02
Chile	2022-02-01	2.43
Colombia	2022-02-01	0.85
Costa Rica	2022-02-01	0
Ecuador	2022-02-01	0
Estados Unidos	2022-02-01	3.08
Mexico	2022-02-01	0.85
Paraguay	2022-02-01	2.12
Uruguay	2022-02-01	2.61
Venezuela	2022-02-01	0
Nueva Zelanda 	2022-02-01	0.95
Argentina	2022-03-01	2.79
Australia	2022-03-01	3.33
Brasil	2022-03-01	2.17
Canadá	2022-03-01	3.01
Chile	2022-03-01	2.55
Colombia	2022-03-01	2.03
Costa Rica	2022-03-01	0
Ecuador	2022-03-01	0
Estados Unidos	2022-03-01	3.09
Mexico	2022-03-01	2.38
Paraguay	2022-03-01	0.85
Uruguay	2022-03-01	2.76
Venezuela	2022-03-01	0
Nueva Zelanda 	2022-03-01	0.97
Argentina	2022-04-01	2.87
Australia	2022-04-01	2.99
Brasil	2022-04-01	2.32
Canadá	2022-04-01	3.04
Chile	2022-04-01	2.52
Colombia	2022-04-01	2.19
Costa Rica	2022-04-01	0
Ecuador	2022-04-01	0
Estados Unidos	2022-04-01	3.09
Mexico	2022-04-01	2.62
Paraguay	2022-04-01	0.92
Uruguay	2022-04-01	2.94
Venezuela	2022-04-01	0
Nueva Zelanda 	2022-04-01	0.91
Argentina	2022-05-01	2.89
Australia	2022-05-01	3.13
Brasil	2022-05-01	2.23
Canadá	2022-05-01	3.06
Chile	2022-05-01	2.38
Colombia	2022-05-01	2.17
Costa Rica	2022-05-01	0
Ecuador	2022-05-01	0
Estados Unidos	2022-05-01	3.13
Mexico	2022-05-01	2.61
Paraguay	2022-05-01	2.02
Uruguay	2022-05-01	2.97
Venezuela	2022-05-01	0
Nueva Zelanda 	2022-05-01	0.85
Argentina	2022-06-01	2.76
Australia	2022-06-01	3.1
Brasil	2022-06-01	2.17
Canadá	2022-06-01	3.27
Chile	2022-06-01	0
Colombia	2022-06-01	2.19
Costa Rica	2022-06-01	0
Ecuador	2022-06-01	0
Estados Unidos	2022-06-01	3.09
Mexico	2022-06-01	2.73
Paraguay	2022-06-01	0.95
Uruguay	2022-06-01	2.91
Venezuela	2022-06-01	0
Nueva Zelanda 	2022-06-01	0.88
Argentina	2022-07-01	2.59
Australia	2022-07-01	2.65
Brasil	2022-07-01	2.01
Canadá	2022-07-01	3.24
Chile	2022-07-01	2.27
Colombia	2022-07-01	0.83
Costa Rica	2022-07-01	\N
Ecuador	2022-07-01	\N
Estados Unidos	2022-07-01	3.16
Mexico	2022-07-01	2.88
Paraguay	2022-07-01	2.02
Uruguay	2022-07-01	2.79
Venezuela	2022-07-01	\N
Nueva Zelanda 	2022-07-01	0.87
Argentina	2022-08-01	2.51
Australia	2022-08-01	2.6
Brasil	2022-08-01	2.11
Canadá	2022-08-01	3.11
Chile	2022-08-01	2.28
Colombia	2022-08-01	0.74
Costa Rica	2022-08-01	\N
Ecuador	2022-08-01	\N
Estados Unidos	2022-08-01	3.15
Mexico	2022-08-01	2.82
Paraguay	2022-08-01	0.95
Uruguay	2022-08-01	2.71
Venezuela	2022-08-01	\N
Nueva Zelanda 	2022-08-01	0.95
Argentina	2022-09-01	2.45
Australia	2022-09-01	2.88
Brasil	2022-09-01	0.99
Canadá	2022-09-01	3.07
Chile	2022-09-01	2.27
Colombia	2022-09-01	0.71
Costa Rica	2022-09-01	\N
Ecuador	2022-09-01	\N
Estados Unidos	2022-09-01	3.17
Mexico	2022-09-01	3.05
Paraguay	2022-09-01	2.12
Uruguay	2022-09-01	2.65
Venezuela	2022-09-01	\N
Nueva Zelanda 	2022-09-01	0.87
Argentina	2022-10-01	2.16
Australia	2022-10-01	2.79
Brasil	2022-10-01	0.79
Canadá	2022-10-01	2.91
Chile	2022-10-01	2.13
Colombia	2022-10-01	0.66
Costa Rica	2022-10-01	0
Ecuador	2022-10-01	0
Estados Unidos	2022-10-01	3.24
Mexico	2022-10-01	2.67
Paraguay	2022-10-01	0.73
Uruguay	2022-10-01	0.88
Venezuela	2022-10-01	0
Nueva Zelanda 	2022-10-01	0.83
Argentina	2022-11-01	0.99
Australia	2022-11-01	2.7
Brasil	2022-11-01	0.65
Canadá	2022-11-01	2.96
Chile	2022-11-01	2.11
Colombia	2022-11-01	0.57
Costa Rica	2022-11-01	0
Ecuador	2022-11-01	0
Estados Unidos	2022-11-01	3.35
Mexico	2022-11-01	2.69
Paraguay	2022-11-01	0.79
Uruguay	2022-11-01	0.86
Venezuela	2022-11-01	0
Nueva Zelanda 	2022-11-01	0.89
Argentina	2022-12-01	0.96
Australia	2022-12-01	2.4
Brasil	2022-12-01	0.69
Canadá	2022-12-01	3.1
Chile	2022-12-01	2.08
Colombia	2022-12-01	0.6
Costa Rica	2022-12-01	0
Ecuador	2022-12-01	0
Estados Unidos	2022-12-01	3.43
Mexico	2022-12-01	2.88
Paraguay	2022-12-01	0.76
Uruguay	2022-12-01	0.85
Venezuela	2022-12-01	0
Nueva Zelanda 	2022-12-01	0.85
Argentina	2023-01-01	0.99
Australia	2023-01-01	2.32
Brasil	2023-01-01	0.71
Canadá	2023-01-01	3.09
Chile	2023-01-01	\N
Colombia	2023-01-01	0.68
Costa Rica	2023-01-01	0
Ecuador	2023-01-01	0
Estados Unidos	2023-01-01	3.45
Mexico	2023-01-01	2.77
Paraguay	2023-01-01	0.81
Uruguay	2023-01-01	0.86
Venezuela	2023-01-01	0
Nueva Zelanda 	2023-01-01	0.73
\.


--
-- Data for Name: produccionacopioleche050; Type: TABLE DATA; Schema: public; Owner: root
--

COPY public.produccionacopioleche050 (anio, produccion_millonesxlts, acopio_millonesxlts) FROM stdin;
2012	6.52	3.001
2013	6.617	3.129
2014	6.718	3.291
2015	6.623	3.286
2016	6.391	3.218
2017	7.094	3.381
2018	7.257	3.416
2019	7.184	3.17
2020	7.395	3.348
2021	7.821	3.113
\.


--
-- Data for Name: produccioneslechesacrificio006; Type: TABLE DATA; Schema: public; Owner: root
--

COPY public.produccioneslechesacrificio006 (anio, sacrificio_bovino_milesxcab, produccion_carne_ton, tasa_extraccion_porcentage, produccion_leche_cruda_millonesxlts, acopio_industrial_millonesxlts) FROM stdin;
1990	3884	796128	19.19	3917	0
1991	3738	775703	18.66	4132	0
1992	3437	713085	16.86	4215	0
1993	3418	709141	16.37	4426	0
1994	3572	741205	16.71	4625	0
1995	3721	772051	17.54	4925	0
1996	3956	810897	18.28	5046	0
1997	4149	852721	19.09	5219	0
1998	4148	854538	19.41	5384	0
1999	3831	791159	17.33	5269	0
2000	3977	829430	17.79	5376	1958
2001	3691	771288	16.38	5586	2178
2002	3435	733460	15.05	5782	2279
2003	3428	741623	14.87	5824	2296
2004	3753	807868	17.19	5856	2309
2005	3763	809261	16.61	6026	2398
2006	3908	839722	17.46	6157	2450
2007	3973	858812	17.48	6312	2698
2008	4248	923575	17.87	6579	2925
2009	4149	899054	17.51	6406	2823
2010	3979	864348	16.41	6363	2804
2011	4262	929230	17.83	6390	2920
2012	4479	978909	20.03	6518	3033
2013	4399	969000	20.6617	819	2943
2014	4332	946882	9.7	6717	3057
2015	4311	944379	18.6	6623	3042
2016	4188	910052	19.3	6391	3218
2017	4053	905582	17.6	7094	3381
2018	4177	935025	17.1	7257	3416
2019	4183	933353	15.5	7184	3170
2020	3881	888598	14.4	7393	3347
2021	4028	925659	15.8	7821	3113
\.


--
-- Data for Name: producionescarne048; Type: TABLE DATA; Schema: public; Owner: root
--

COPY public.producionescarne048 (anio, toneladas_eq_canal) FROM stdin;
2009	810068
2010	766592
2011	820985
2012	854232
2013	868337
2014	848693
2015	854314
2016	792080
2017	761375
2018	771324
2019	769960
2020	743901
2021	758737
\.


--
-- Data for Name: sacrificiomensualbovino051; Type: TABLE DATA; Schema: public; Owner: root
--

COPY public.sacrificiomensualbovino051 (fecha, sacrificio) FROM stdin;
2017-01-01	286939
2017-02-01	267002
2017-03-01	291500
2017-04-01	252909
2017-05-01	291929
2017-06-01	291781
2017-07-01	277915
2017-08-01	282169
2017-09-01	282801
2017-10-01	284775
2017-11-01	286265
2017-12-01	302261
2018-01-01	291199
2018-02-01	270187
2018-03-01	275789
2018-04-01	277478
2018-05-01	297602
2018-06-01	290932
2018-07-01	291532
2018-08-01	293382
2018-09-01	279974
2018-10-01	284771
2018-11-01	277963
2018-12-01	308748
2019-01-01	290283
2019-02-01	263874
2019-03-01	276308
2019-04-01	257345
2019-05-01	298616
2019-06-01	273630
2019-07-01	296566
2019-08-01	293391
2019-09-01	278123
2019-10-01	296346
2019-11-01	283816
2019-12-01	301809
2020-01-01	290251
2020-02-01	274555
2020-03-01	265945
2020-04-01	208972
2020-05-01	243155
2020-06-01	251607
2020-07-01	273967
2020-08-01	267051
2020-09-01	281053
2020-10-01	300092
2020-11-01	282588
2020-12-01	317797
2021-01-01	283933
2021-02-01	273494
2021-03-01	293286
2021-04-01	256678
2021-05-01	221587
2021-06-01	271400
2021-07-01	280583
2021-08-01	279373
2021-09-01	284835
2021-10-01	279203
2021-11-01	281111
2021-12-01	296600
2022-01-01	256743
2022-02-01	242412
2022-03-01	248618
2022-04-01	234852
2022-05-01	257853
2022-06-01	253432
2022-07-01	259003
2022-08-01	272691
2022-09-01	265407
2022-10-01	269189
2022-11-01	261308
\.


--
-- Name: parametros parametros_pkey; Type: CONSTRAINT; Schema: public; Owner: root
--

ALTER TABLE ONLY public.parametros
    ADD CONSTRAINT parametros_pkey PRIMARY KEY (idparametro);


--
-- PostgreSQL database dump complete
--

--
-- Database "postgres" dump
--

--
-- PostgreSQL database dump
--

-- Dumped from database version 15.2
-- Dumped by pg_dump version 15.2

SET statement_timeout = 0;
SET lock_timeout = 0;
SET idle_in_transaction_session_timeout = 0;
SET client_encoding = 'UTF8';
SET standard_conforming_strings = on;
SELECT pg_catalog.set_config('search_path', '', false);
SET check_function_bodies = false;
SET xmloption = content;
SET client_min_messages = warning;
SET row_security = off;

DROP DATABASE postgres;
--
-- Name: postgres; Type: DATABASE; Schema: -; Owner: root
--

CREATE DATABASE postgres WITH TEMPLATE = template0 ENCODING = 'UTF8' LOCALE_PROVIDER = libc LOCALE = 'en_US.utf8';


ALTER DATABASE postgres OWNER TO root;

\connect postgres

SET statement_timeout = 0;
SET lock_timeout = 0;
SET idle_in_transaction_session_timeout = 0;
SET client_encoding = 'UTF8';
SET standard_conforming_strings = on;
SELECT pg_catalog.set_config('search_path', '', false);
SET check_function_bodies = false;
SET xmloption = content;
SET client_min_messages = warning;
SET row_security = off;

--
-- Name: DATABASE postgres; Type: COMMENT; Schema: -; Owner: root
--

COMMENT ON DATABASE postgres IS 'default administrative connection database';


--
-- PostgreSQL database dump complete
--

--
-- PostgreSQL database cluster dump complete
--

